"","ID","Age","Gender","Residence.Ownership","number.of.dependants","status"
"1",1,41,"FEMALE","OTHERS",0,"GOOD"
"2",2,36,"MALE","OWNED",5,"GOOD"
"3",3,40,"FEMALE","RENT",4,"BAD"
"4",4,30,"FEMALE","OWNED",4,"GOOD"
"5",5,37,"MALE","OWNED",4,"GOOD"
"6",6,38,"MALE","RENT",1,"GOOD"
"7",7,47,"FEMALE","RENT",5,"BAD"
"8",8,41,"FEMALE","RENT",2,"BAD"
"9",9,35,"FEMALE","OWNED",0,"GOOD"
"10",10,45,"MALE","OWNED",5,"GOOD"
"11",11,34,"MALE","OWNED",5,"GOOD"
"12",12,35,"FEMALE","PARENTS",3,"GOOD"
"13",13,36,"FEMALE","OWNED",5,"GOOD"
"14",14,31,"MALE","OWNED",1,"GOOD"
"15",15,42,"FEMALE","RENT",1,"GOOD"
"16",16,45,"MALE","OWNED",0,"GOOD"
"17",17,40,"MALE","RENT",5,"BAD"
"18",18,36,"MALE","OWNED",2,"GOOD"
"19",19,40,"MALE","OWNED",0,"GOOD"
"20",20,37,"FEMALE","OWNED",1,"GOOD"
"21",21,33,"FEMALE","PARENTS",2,"GOOD"
"22",22,30,"MALE","OWNED",4,"BAD"
"23",23,33,"MALE","OWNED",1,"GOOD"
"24",24,36,"MALE","OWNED",2,"GOOD"
"25",25,28,"FEMALE","RENT",1,"GOOD"
"26",26,40,"MALE","OWNED",1,"GOOD"
"27",27,39,"MALE","OWNED",4,"GOOD"
"28",28,33,"MALE","RENT",0,"GOOD"
"29",29,35,"FEMALE","RENT",4,"GOOD"
"30",30,27,"MALE","OWNED",0,"GOOD"
"31",31,29,"FEMALE","OWNED",0,"GOOD"
"32",32,38,"MALE","OWNED",3,"GOOD"
"33",33,40,"MALE","OWNED",4,"GOOD"
"34",34,38,"MALE","OWNED",0,"GOOD"
"35",35,28,"FEMALE","OWNED",1,"GOOD"
"36",36,34,"MALE","OWNED",4,"BAD"
"37",37,39,"MALE","PARENTS",4,"GOOD"
"38",38,36,"FEMALE","OWNED",0,"GOOD"
"39",39,37,"MALE","OWNED",2,"GOOD"
"40",40,35,"FEMALE","OWNED",3,"GOOD"
"41",41,35,"FEMALE","RENT",3,"GOOD"
"42",42,35,"FEMALE","OWNED",3,"GOOD"
"43",43,31,"MALE","OTHERS",3,"GOOD"
"44",44,34,"MALE","OWNED",4,"GOOD"
"45",45,42,"MALE","RENT",2,"GOOD"
"46",46,31,"MALE","OWNED",1,"GOOD"
"47",47,35,"MALE","RENT",3,"GOOD"
"48",48,32,"FEMALE","OWNED",0,"GOOD"
"49",49,44,"MALE","OWNED",0,"GOOD"
"50",50,50,"MALE","OWNED",3,"GOOD"
"51",51,24,"MALE","PARENTS",1,"BAD"
"52",52,42,"MALE","RENT",5,"BAD"
"53",53,22,"FEMALE","PARENTS",1,"BAD"
"54",54,30,"FEMALE","RENT",5,"GOOD"
"55",55,31,"MALE","OWNED",4,"GOOD"
"56",56,27,"MALE","RENT",1,"BAD"
"57",57,33,"MALE","RENT",5,"BAD"
"58",58,33,"FEMALE","OWNED",0,"GOOD"
"59",59,37,"MALE","OWNED",0,"GOOD"
"60",60,35,"MALE","RENT",3,"BAD"
"61",61,32,"MALE","OWNED",4,"GOOD"
"62",62,42,"MALE","OWNED",3,"GOOD"
"63",63,27,"MALE","OWNED",1,"BAD"
"64",64,31,"MALE","RENT",0,"GOOD"
"65",65,30,"MALE","RENT",3,"BAD"
"66",66,34,"MALE","OWNED",0,"GOOD"
"67",67,36,"FEMALE","RENT",1,"BAD"
"68",68,31,"FEMALE","RENT",3,"BAD"
"69",69,29,"FEMALE","OWNED",0,"GOOD"
"70",70,40,"MALE","OTHERS",4,"BAD"
"71",71,38,"MALE","OWNED",0,"GOOD"
"72",72,32,"FEMALE","RENT",3,"GOOD"
"73",73,37,"FEMALE","OWNED",0,"GOOD"
"74",74,28,"FEMALE","OWNED",1,"GOOD"
"75",75,31,"MALE","OWNED",5,"BAD"
"76",76,33,"MALE","RENT",3,"BAD"
"77",77,36,"MALE","OWNED",1,"GOOD"
"78",78,33,"MALE","RENT",2,"GOOD"
"79",79,33,"MALE","OWNED",2,"GOOD"
"80",80,40,"MALE","RENT",0,"BAD"
"81",81,39,"MALE","OWNED",0,"GOOD"
"82",82,38,"FEMALE","OWNED",0,"GOOD"
"83",83,27,"FEMALE","OWNED",1,"GOOD"
"84",84,19,"MALE","PARENTS",0,"BAD"
"85",85,34,"FEMALE","OWNED",3,"GOOD"
"86",86,31,"FEMALE","OWNED",4,"GOOD"
"87",87,42,"MALE","OWNED",0,"GOOD"
"88",88,40,"FEMALE","RENT",5,"GOOD"
"89",89,30,"MALE","OWNED",0,"GOOD"
"90",90,35,"MALE","OWNED",2,"GOOD"
"91",91,30,"MALE","OWNED",5,"BAD"
"92",92,31,"MALE","OWNED",1,"GOOD"
"93",93,38,"MALE","OWNED",4,"BAD"
"94",94,30,"FEMALE","OWNED",5,"GOOD"
"95",95,35,"MALE","OTHERS",4,"BAD"
"96",96,33,"FEMALE","OTHERS",0,"GOOD"
"97",97,33,"FEMALE","OWNED",1,"GOOD"
"98",98,30,"MALE","OWNED",2,"GOOD"
"99",99,31,"MALE","PARENTS",0,"BAD"
"100",100,29,"MALE","RENT",1,"BAD"
"101",101,53,"FEMALE","OWNED",2,"GOOD"
"102",102,34,"MALE","RENT",2,"BAD"
"103",103,38,"FEMALE","RENT",4,"GOOD"
"104",104,40,"FEMALE","RENT",5,"BAD"
"105",105,34,"FEMALE","OWNED",4,"GOOD"
"106",106,39,"MALE","OTHERS",3,"BAD"
"107",107,37,"MALE","OWNED",5,"BAD"
"108",108,40,"MALE","RENT",5,"BAD"
"109",109,36,"FEMALE","OWNED",5,"GOOD"
"110",110,37,"FEMALE","RENT",3,"BAD"
"111",111,35,"MALE","OWNED",5,"BAD"
"112",112,32,"MALE","RENT",3,"GOOD"
"113",113,43,"FEMALE","OWNED",5,"GOOD"
"114",114,32,"MALE","OWNED",1,"GOOD"
"115",115,45,"MALE","RENT",3,"GOOD"
"116",116,42,"MALE","RENT",3,"BAD"
"117",117,33,"MALE","OTHERS",4,"GOOD"
"118",118,30,"FEMALE","OWNED",5,"GOOD"
"119",119,36,"MALE","OWNED",1,"GOOD"
"120",120,41,"FEMALE","OWNED",0,"GOOD"
"121",121,39,"MALE","RENT",5,"BAD"
"122",122,38,"MALE","OWNED",2,"GOOD"
"123",123,34,"MALE","OWNED",5,"GOOD"
"124",124,29,"MALE","OWNED",0,"GOOD"
"125",125,28,"MALE","OTHERS",0,"BAD"
"126",126,34,"FEMALE","RENT",1,"GOOD"
"127",127,32,"FEMALE","OWNED",1,"GOOD"
"128",128,27,"MALE","OWNED",0,"GOOD"
"129",129,40,"FEMALE","RENT",0,"BAD"
"130",130,30,"FEMALE","OWNED",0,"GOOD"
"131",131,32,"MALE","RENT",5,"BAD"
"132",132,24,"FEMALE","RENT",1,"GOOD"
"133",133,27,"MALE","RENT",0,"BAD"
"134",134,31,"FEMALE","RENT",3,"BAD"
"135",135,31,"MALE","OWNED",1,"GOOD"
"136",136,44,"MALE","RENT",0,"GOOD"
"137",137,50,"FEMALE","RENT",3,"BAD"
"138",138,47,"FEMALE","RENT",5,"GOOD"
"139",139,39,"FEMALE","OWNED",5,"GOOD"
"140",140,30,"MALE","OWNED",3,"BAD"
"141",141,46,"FEMALE","PARENTS",3,"GOOD"
"142",142,40,"FEMALE","RENT",3,"GOOD"
"143",143,40,"MALE","OWNED",4,"GOOD"
"144",144,31,"FEMALE","OWNED",1,"GOOD"
"145",145,26,"MALE","RENT",0,"BAD"
"146",146,32,"FEMALE","OWNED",1,"GOOD"
"147",147,30,"MALE","OWNED",0,"GOOD"
"148",148,37,"MALE","OWNED",5,"GOOD"
"149",149,25,"MALE","OWNED",1,"GOOD"
"150",150,32,"MALE","RENT",3,"BAD"
"151",151,37,"FEMALE","OWNED",0,"GOOD"
"152",152,33,"MALE","OWNED",5,"BAD"
"153",153,36,"MALE","OWNED",0,"GOOD"
"154",154,32,"MALE","OWNED",3,"BAD"
"155",155,36,"MALE","RENT",0,"GOOD"
"156",156,36,"FEMALE","OWNED",0,"GOOD"
"157",157,41,"MALE","OTHERS",4,"BAD"
"158",158,24,"FEMALE","PARENTS",0,"GOOD"
"159",159,41,"FEMALE","OWNED",1,"GOOD"
"160",160,48,"FEMALE","RENT",0,"GOOD"
"161",161,41,"MALE","RENT",1,"GOOD"
"162",162,38,"FEMALE","RENT",0,"GOOD"
"163",163,36,"FEMALE","RENT",0,"GOOD"
"164",164,31,"FEMALE","OWNED",2,"GOOD"
"165",165,45,"MALE","RENT",2,"BAD"
"166",166,37,"FEMALE","OWNED",0,"GOOD"
"167",167,25,"MALE","OTHERS",0,"BAD"
"168",168,46,"MALE","OWNED",1,"GOOD"
"169",169,30,"FEMALE","OWNED",0,"GOOD"
"170",170,38,"MALE","OWNED",4,"GOOD"
"171",171,33,"FEMALE","RENT",0,"GOOD"
"172",172,29,"MALE","PARENTS",0,"GOOD"
"173",173,39,"FEMALE","RENT",4,"BAD"
"174",174,42,"MALE","RENT",4,"BAD"
"175",175,31,"MALE","RENT",3,"BAD"
"176",176,37,"MALE","RENT",4,"BAD"
"177",177,32,"FEMALE","OWNED",2,"GOOD"
"178",178,30,"FEMALE","OWNED",2,"GOOD"
"179",179,42,"MALE","RENT",3,"BAD"
"180",180,36,"FEMALE","RENT",3,"GOOD"
"181",181,35,"MALE","OWNED",3,"GOOD"
"182",182,36,"MALE","RENT",0,"BAD"
"183",183,41,"FEMALE","RENT",5,"GOOD"
"184",184,43,"MALE","OWNED",3,"BAD"
"185",185,48,"FEMALE","OWNED",5,"GOOD"
"186",186,32,"FEMALE","RENT",0,"GOOD"
"187",187,25,"FEMALE","RENT",0,"GOOD"
"188",188,29,"FEMALE","OWNED",0,"GOOD"
"189",189,31,"FEMALE","OWNED",3,"GOOD"
"190",190,27,"FEMALE","OWNED",1,"GOOD"
"191",191,32,"MALE","OTHERS",1,"BAD"
"192",192,46,"MALE","OWNED",2,"GOOD"
"193",193,29,"MALE","OWNED",1,"GOOD"
"194",194,35,"MALE","OWNED",0,"GOOD"
"195",195,39,"MALE","RENT",1,"BAD"
"196",196,28,"FEMALE","OWNED",1,"GOOD"
"197",197,30,"FEMALE","OWNED",1,"GOOD"
"198",198,36,"MALE","RENT",4,"BAD"
"199",199,33,"MALE","OWNED",0,"GOOD"
"200",200,35,"MALE","PARENTS",3,"BAD"
"201",201,40,"MALE","OWNED",2,"GOOD"
"202",202,37,"FEMALE","OWNED",3,"GOOD"
"203",203,30,"FEMALE","RENT",5,"BAD"
"204",204,26,"MALE","RENT",1,"BAD"
"205",205,35,"MALE","OWNED",2,"GOOD"
"206",206,40,"MALE","OWNED",4,"BAD"
"207",207,30,"MALE","RENT",5,"BAD"
"208",208,31,"FEMALE","OWNED",3,"GOOD"
"209",209,34,"MALE","RENT",1,"BAD"
"210",210,35,"FEMALE","OWNED",3,"GOOD"
"211",211,31,"MALE","OWNED",1,"GOOD"
"212",212,31,"FEMALE","OWNED",2,"GOOD"
"213",213,47,"FEMALE","OWNED",5,"GOOD"
"214",214,32,"MALE","OWNED",2,"GOOD"
"215",215,37,"MALE","OTHERS",0,"GOOD"
"216",216,19,"MALE","RENT",0,"GOOD"
"217",217,30,"FEMALE","PARENTS",2,"GOOD"
"218",218,35,"MALE","OWNED",1,"GOOD"
"219",219,25,"FEMALE","OWNED",1,"GOOD"
"220",220,33,"MALE","RENT",5,"BAD"
"221",221,30,"MALE","RENT",5,"BAD"
"222",222,29,"MALE","OWNED",0,"GOOD"
"223",223,37,"MALE","OWNED",0,"GOOD"
"224",224,30,"FEMALE","OWNED",1,"GOOD"
"225",225,46,"MALE","OWNED",3,"GOOD"
"226",226,45,"FEMALE","OWNED",1,"GOOD"
"227",227,25,"FEMALE","OWNED",1,"GOOD"
"228",228,37,"MALE","OWNED",3,"GOOD"
"229",229,31,"FEMALE","OWNED",1,"GOOD"
"230",230,36,"FEMALE","RENT",4,"BAD"
"231",231,34,"MALE","OWNED",2,"BAD"
"232",232,34,"MALE","OTHERS",2,"BAD"
"233",233,25,"FEMALE","OWNED",1,"GOOD"
"234",234,26,"FEMALE","OWNED",0,"GOOD"
"235",235,39,"MALE","OWNED",2,"GOOD"
"236",236,36,"MALE","OWNED",3,"BAD"
"237",237,38,"MALE","OWNED",1,"GOOD"
"238",238,28,"FEMALE","OWNED",1,"GOOD"
"239",239,23,"MALE","PARENTS",1,"BAD"
"240",240,22,"FEMALE","PARENTS",0,"GOOD"
"241",241,43,"MALE","RENT",2,"GOOD"
"242",242,29,"MALE","RENT",0,"BAD"
"243",243,38,"MALE","OWNED",2,"GOOD"
"244",244,34,"MALE","RENT",0,"BAD"
"245",245,33,"MALE","OWNED",4,"GOOD"
"246",246,36,"MALE","OWNED",1,"GOOD"
"247",247,28,"FEMALE","OTHERS",0,"GOOD"
"248",248,35,"MALE","OWNED",4,"BAD"
"249",249,30,"MALE","RENT",3,"BAD"
"250",250,31,"MALE","OWNED",1,"GOOD"
"251",251,36,"MALE","OWNED",2,"BAD"
"252",252,47,"MALE","OWNED",4,"GOOD"
"253",253,39,"FEMALE","OWNED",5,"GOOD"
"254",254,44,"FEMALE","OWNED",5,"GOOD"
"255",255,41,"MALE","OWNED",2,"GOOD"
"256",256,38,"MALE","RENT",5,"BAD"
"257",257,30,"MALE","RENT",0,"GOOD"
"258",258,39,"MALE","OTHERS",0,"BAD"
"259",259,33,"FEMALE","OTHERS",5,"GOOD"
"260",260,27,"MALE","OWNED",0,"BAD"
"261",261,32,"MALE","OTHERS",3,"BAD"
"262",262,26,"MALE","RENT",1,"BAD"
"263",263,41,"FEMALE","RENT",4,"BAD"
"264",264,38,"MALE","RENT",0,"BAD"
"265",265,41,"FEMALE","RENT",3,"BAD"
"266",266,42,"MALE","OTHERS",4,"BAD"
"267",267,33,"MALE","RENT",1,"GOOD"
"268",268,30,"FEMALE","OTHERS",0,"GOOD"
"269",269,35,"MALE","OWNED",4,"GOOD"
"270",270,34,"MALE","PARENTS",0,"BAD"
"271",271,38,"FEMALE","OWNED",5,"GOOD"
"272",272,44,"FEMALE","OWNED",1,"GOOD"
"273",273,35,"FEMALE","RENT",4,"GOOD"
"274",274,31,"MALE","OTHERS",2,"GOOD"
"275",275,41,"FEMALE","RENT",4,"BAD"
"276",276,38,"MALE","RENT",1,"GOOD"
"277",277,33,"MALE","RENT",3,"BAD"
"278",278,29,"MALE","OWNED",1,"GOOD"
"279",279,56,"MALE","OWNED",3,"GOOD"
"280",280,51,"FEMALE","RENT",3,"BAD"
"281",281,39,"FEMALE","OWNED",0,"GOOD"
"282",282,22,"MALE","RENT",1,"BAD"
"283",283,26,"MALE","OWNED",0,"GOOD"
"284",284,32,"FEMALE","RENT",0,"BAD"
"285",285,37,"MALE","RENT",1,"GOOD"
"286",286,30,"MALE","OWNED",1,"GOOD"
"287",287,33,"FEMALE","OWNED",5,"GOOD"
"288",288,41,"MALE","OWNED",2,"GOOD"
"289",289,45,"FEMALE","RENT",2,"BAD"
"290",290,33,"FEMALE","OTHERS",1,"GOOD"
"291",291,43,"MALE","PARENTS",2,"BAD"
"292",292,40,"MALE","OWNED",1,"GOOD"
"293",293,32,"FEMALE","RENT",3,"BAD"
"294",294,38,"MALE","OWNED",0,"GOOD"
"295",295,39,"FEMALE","OWNED",4,"GOOD"
"296",296,40,"FEMALE","PARENTS",4,"GOOD"
"297",297,34,"FEMALE","OWNED",4,"BAD"
"298",298,25,"MALE","RENT",0,"GOOD"
"299",299,36,"MALE","OWNED",5,"GOOD"
"300",300,35,"MALE","RENT",5,"BAD"
"301",301,44,"FEMALE","OWNED",1,"GOOD"
"302",302,43,"MALE","OWNED",0,"GOOD"
"303",303,48,"FEMALE","OWNED",4,"GOOD"
"304",304,21,"FEMALE","PARENTS",0,"GOOD"
"305",305,34,"MALE","RENT",4,"BAD"
"306",306,29,"FEMALE","RENT",0,"BAD"
"307",307,26,"FEMALE","OWNED",0,"GOOD"
"308",308,29,"MALE","OWNED",0,"GOOD"
"309",309,43,"MALE","OWNED",5,"GOOD"
"310",310,28,"FEMALE","OWNED",0,"GOOD"
"311",311,33,"MALE","OWNED",1,"GOOD"
"312",312,36,"FEMALE","OWNED",3,"GOOD"
"313",313,29,"FEMALE","OWNED",1,"GOOD"
"314",314,32,"MALE","PARENTS",2,"GOOD"
"315",315,38,"MALE","OWNED",3,"GOOD"
"316",316,33,"MALE","OWNED",1,"GOOD"
"317",317,31,"MALE","OWNED",5,"BAD"
"318",318,34,"MALE","OWNED",3,"GOOD"
"319",319,45,"MALE","OWNED",3,"GOOD"
"320",320,35,"FEMALE","RENT",3,"GOOD"
"321",321,35,"FEMALE","RENT",3,"GOOD"
"322",322,34,"FEMALE","RENT",3,"BAD"
"323",323,30,"FEMALE","OWNED",2,"GOOD"
"324",324,41,"MALE","OWNED",1,"GOOD"
"325",325,30,"MALE","RENT",3,"BAD"
"326",326,37,"FEMALE","RENT",4,"BAD"
"327",327,34,"FEMALE","OWNED",1,"GOOD"
"328",328,31,"FEMALE","PARENTS",0,"GOOD"
"329",329,46,"FEMALE","OTHERS",0,"GOOD"
"330",330,42,"FEMALE","OTHERS",1,"GOOD"
"331",331,46,"FEMALE","RENT",1,"GOOD"
"332",332,29,"FEMALE","OWNED",1,"GOOD"
"333",333,37,"FEMALE","OWNED",3,"GOOD"
"334",334,27,"MALE","OWNED",0,"GOOD"
"335",335,29,"MALE","RENT",0,"BAD"
"336",336,25,"MALE","RENT",1,"BAD"
"337",337,31,"MALE","OWNED",2,"GOOD"
"338",338,31,"MALE","RENT",2,"GOOD"
"339",339,30,"MALE","OWNED",4,"GOOD"
"340",340,44,"MALE","RENT",1,"BAD"
"341",341,31,"MALE","OWNED",4,"GOOD"
"342",342,32,"FEMALE","OWNED",3,"GOOD"
"343",343,23,"MALE","OWNED",0,"GOOD"
"344",344,28,"FEMALE","OWNED",0,"GOOD"
"345",345,26,"MALE","OWNED",0,"GOOD"
"346",346,21,"FEMALE","PARENTS",0,"BAD"
"347",347,33,"MALE","OWNED",0,"GOOD"
"348",348,34,"FEMALE","RENT",0,"GOOD"
"349",349,43,"MALE","OWNED",0,"GOOD"
"350",350,36,"MALE","OTHERS",3,"BAD"
"351",351,45,"FEMALE","RENT",0,"GOOD"
"352",352,39,"FEMALE","OWNED",2,"GOOD"
"353",353,29,"MALE","OWNED",0,"GOOD"
"354",354,42,"MALE","OTHERS",5,"BAD"
"355",355,34,"FEMALE","PARENTS",1,"GOOD"
"356",356,38,"MALE","RENT",1,"GOOD"
"357",357,43,"MALE","OWNED",0,"GOOD"
"358",358,29,"MALE","OTHERS",0,"GOOD"
"359",359,27,"MALE","OWNED",0,"GOOD"
"360",360,30,"MALE","OTHERS",2,"GOOD"
"361",361,42,"FEMALE","OWNED",3,"GOOD"
"362",362,29,"MALE","OWNED",1,"GOOD"
"363",363,41,"FEMALE","OWNED",1,"GOOD"
"364",364,44,"FEMALE","OWNED",4,"GOOD"
"365",365,40,"MALE","OWNED",0,"GOOD"
"366",366,46,"MALE","OWNED",4,"GOOD"
"367",367,32,"FEMALE","OWNED",4,"GOOD"
"368",368,32,"MALE","RENT",3,"BAD"
"369",369,31,"MALE","OWNED",3,"BAD"
"370",370,34,"MALE","RENT",1,"GOOD"
"371",371,28,"MALE","PARENTS",1,"GOOD"
"372",372,33,"MALE","OWNED",5,"GOOD"
"373",373,30,"MALE","OTHERS",4,"BAD"
"374",374,32,"MALE","OTHERS",4,"BAD"
"375",375,32,"MALE","OWNED",1,"GOOD"
"376",376,46,"MALE","OWNED",1,"GOOD"
"377",377,37,"FEMALE","RENT",3,"BAD"
"378",378,41,"MALE","OWNED",5,"GOOD"
"379",379,39,"FEMALE","OWNED",4,"GOOD"
"380",380,39,"FEMALE","OWNED",2,"GOOD"
"381",381,28,"FEMALE","OWNED",0,"GOOD"
"382",382,32,"MALE","RENT",4,"BAD"
"383",383,32,"FEMALE","PARENTS",2,"GOOD"
"384",384,44,"FEMALE","OWNED",3,"GOOD"
"385",385,41,"MALE","RENT",1,"BAD"
"386",386,40,"FEMALE","RENT",0,"GOOD"
"387",387,45,"MALE","RENT",0,"GOOD"
"388",388,37,"MALE","RENT",4,"BAD"
"389",389,29,"MALE","OTHERS",1,"BAD"
"390",390,24,"MALE","RENT",0,"BAD"
"391",391,37,"FEMALE","OTHERS",5,"GOOD"
"392",392,38,"MALE","PARENTS",1,"GOOD"
"393",393,27,"MALE","RENT",0,"GOOD"
"394",394,40,"FEMALE","OWNED",1,"GOOD"
"395",395,32,"FEMALE","OWNED",4,"GOOD"
"396",396,34,"MALE","OTHERS",4,"BAD"
"397",397,39,"MALE","RENT",4,"BAD"
"398",398,27,"FEMALE","OWNED",0,"GOOD"
"399",399,25,"MALE","OWNED",0,"GOOD"
"400",400,46,"MALE","OWNED",1,"GOOD"
"401",401,39,"MALE","RENT",1,"BAD"
"402",402,39,"FEMALE","OWNED",4,"GOOD"
"403",403,46,"FEMALE","OTHERS",4,"GOOD"
"404",404,39,"MALE","PARENTS",3,"GOOD"
"405",405,34,"MALE","OWNED",1,"GOOD"
"406",406,36,"FEMALE","OWNED",5,"GOOD"
"407",407,37,"FEMALE","RENT",2,"GOOD"
"408",408,36,"FEMALE","OWNED",1,"GOOD"
"409",409,37,"MALE","OWNED",2,"GOOD"
"410",410,30,"MALE","OWNED",4,"GOOD"
"411",411,30,"MALE","OWNED",1,"GOOD"
"412",412,41,"FEMALE","OTHERS",3,"GOOD"
"413",413,35,"FEMALE","RENT",0,"GOOD"
"414",414,47,"MALE","OWNED",2,"GOOD"
"415",415,35,"MALE","OTHERS",5,"BAD"
"416",416,43,"FEMALE","RENT",1,"GOOD"
"417",417,33,"FEMALE","OWNED",5,"BAD"
"418",418,38,"MALE","OTHERS",4,"GOOD"
"419",419,28,"MALE","OWNED",0,"GOOD"
"420",420,47,"FEMALE","RENT",1,"GOOD"
"421",421,29,"MALE","OWNED",0,"GOOD"
"422",422,41,"FEMALE","OTHERS",5,"GOOD"
"423",423,40,"FEMALE","OWNED",4,"GOOD"
"424",424,23,"MALE","PARENTS",0,"GOOD"
"425",425,34,"FEMALE","OWNED",1,"GOOD"
"426",426,29,"MALE","RENT",1,"BAD"
"427",427,32,"MALE","RENT",4,"BAD"
"428",428,43,"FEMALE","OWNED",3,"GOOD"
"429",429,42,"MALE","RENT",1,"BAD"
"430",430,33,"FEMALE","OWNED",5,"GOOD"
"431",431,28,"MALE","RENT",0,"BAD"
"432",432,32,"MALE","OWNED",2,"GOOD"
"433",433,27,"MALE","OWNED",0,"GOOD"
"434",434,21,"MALE","RENT",1,"BAD"
"435",435,42,"MALE","RENT",3,"BAD"
"436",436,40,"FEMALE","OWNED",2,"GOOD"
"437",437,27,"FEMALE","PARENTS",1,"GOOD"
"438",438,44,"MALE","OWNED",3,"GOOD"
"439",439,35,"MALE","RENT",2,"BAD"
"440",440,33,"FEMALE","OTHERS",3,"BAD"
"441",441,44,"FEMALE","RENT",2,"BAD"
"442",442,29,"MALE","OWNED",1,"GOOD"
"443",443,28,"FEMALE","OWNED",0,"GOOD"
"444",444,37,"MALE","OWNED",4,"GOOD"
"445",445,27,"MALE","OWNED",0,"BAD"
"446",446,35,"MALE","OWNED",2,"GOOD"
"447",447,29,"MALE","RENT",1,"BAD"
"448",448,34,"MALE","OTHERS",5,"BAD"
"449",449,27,"MALE","OTHERS",1,"GOOD"
"450",450,40,"FEMALE","OWNED",4,"GOOD"
"451",451,37,"MALE","OWNED",2,"GOOD"
"452",452,34,"FEMALE","PARENTS",1,"GOOD"
"453",453,35,"FEMALE","OWNED",2,"GOOD"
"454",454,34,"MALE","RENT",4,"BAD"
"455",455,44,"MALE","OWNED",1,"GOOD"
"456",456,37,"FEMALE","RENT",3,"BAD"
"457",457,39,"MALE","PARENTS",4,"GOOD"
"458",458,27,"MALE","OWNED",0,"GOOD"
"459",459,42,"FEMALE","OWNED",1,"GOOD"
"460",460,36,"FEMALE","OWNED",1,"GOOD"
"461",461,18,"MALE","OWNED",0,"GOOD"
"462",462,44,"FEMALE","RENT",3,"BAD"
"463",463,34,"MALE","OWNED",5,"BAD"
"464",464,37,"FEMALE","OTHERS",1,"GOOD"
"465",465,31,"MALE","OWNED",0,"GOOD"
"466",466,45,"MALE","OWNED",4,"GOOD"
"467",467,37,"FEMALE","OWNED",2,"GOOD"
"468",468,38,"FEMALE","OWNED",5,"GOOD"
"469",469,35,"MALE","OWNED",3,"GOOD"
"470",470,28,"MALE","OWNED",0,"GOOD"
"471",471,30,"MALE","OWNED",0,"GOOD"
"472",472,39,"MALE","OWNED",1,"GOOD"
"473",473,44,"MALE","PARENTS",1,"GOOD"
"474",474,41,"MALE","RENT",3,"BAD"
"475",475,24,"MALE","OWNED",1,"BAD"
"476",476,41,"MALE","OTHERS",4,"BAD"
"477",477,39,"FEMALE","RENT",0,"GOOD"
"478",478,31,"MALE","OWNED",2,"GOOD"
"479",479,38,"MALE","RENT",5,"BAD"
"480",480,41,"MALE","OWNED",0,"GOOD"
"481",481,33,"MALE","RENT",0,"BAD"
"482",482,41,"FEMALE","OWNED",1,"GOOD"
"483",483,42,"FEMALE","RENT",2,"GOOD"
"484",484,35,"FEMALE","RENT",1,"GOOD"
"485",485,37,"MALE","OWNED",3,"GOOD"
"486",486,35,"FEMALE","RENT",5,"BAD"
"487",487,33,"FEMALE","OWNED",0,"GOOD"
"488",488,30,"FEMALE","OWNED",3,"GOOD"
"489",489,38,"FEMALE","RENT",1,"GOOD"
"490",490,33,"MALE","OWNED",5,"GOOD"
"491",491,36,"FEMALE","OWNED",3,"GOOD"
"492",492,38,"MALE","OWNED",1,"GOOD"
"493",493,28,"MALE","OWNED",0,"GOOD"
"494",494,23,"MALE","OWNED",1,"GOOD"
"495",495,39,"MALE","OWNED",2,"GOOD"
"496",496,32,"FEMALE","RENT",5,"GOOD"
"497",497,28,"MALE","OWNED",1,"BAD"
"498",498,33,"FEMALE","OWNED",4,"GOOD"
"499",499,37,"MALE","RENT",3,"BAD"
"500",500,32,"FEMALE","OWNED",3,"GOOD"
"501",501,38,"MALE","RENT",3,"BAD"
"502",502,45,"MALE","OWNED",4,"GOOD"
"503",503,33,"MALE","RENT",0,"GOOD"
"504",504,23,"MALE","RENT",1,"BAD"
"505",505,34,"MALE","PARENTS",3,"GOOD"
"506",506,33,"MALE","OWNED",3,"GOOD"
"507",507,41,"MALE","RENT",5,"BAD"
"508",508,30,"MALE","OWNED",2,"GOOD"
"509",509,33,"FEMALE","OWNED",3,"GOOD"
"510",510,35,"FEMALE","RENT",2,"GOOD"
"511",511,35,"FEMALE","OTHERS",1,"GOOD"
"512",512,36,"MALE","OWNED",3,"GOOD"
"513",513,40,"FEMALE","OWNED",2,"GOOD"
"514",514,28,"MALE","RENT",1,"BAD"
"515",515,37,"FEMALE","OWNED",4,"GOOD"
"516",516,35,"MALE","RENT",4,"BAD"
"517",517,32,"MALE","OWNED",3,"GOOD"
"518",518,42,"FEMALE","OWNED",5,"GOOD"
"519",519,36,"MALE","OTHERS",1,"BAD"
"520",520,46,"MALE","OWNED",4,"GOOD"
"521",521,37,"FEMALE","RENT",0,"GOOD"
"522",522,37,"MALE","OWNED",5,"GOOD"
"523",523,28,"FEMALE","RENT",1,"GOOD"
"524",524,31,"MALE","OTHERS",1,"GOOD"
"525",525,49,"FEMALE","OWNED",4,"GOOD"
"526",526,37,"MALE","OWNED",4,"GOOD"
"527",527,41,"MALE","RENT",5,"BAD"
"528",528,26,"MALE","RENT",1,"BAD"
"529",529,24,"FEMALE","OWNED",1,"GOOD"
"530",530,33,"FEMALE","OWNED",3,"GOOD"
"531",531,38,"FEMALE","PARENTS",2,"GOOD"
"532",532,35,"MALE","OWNED",1,"GOOD"
"533",533,35,"FEMALE","OTHERS",1,"GOOD"
"534",534,36,"MALE","OWNED",2,"GOOD"
"535",535,38,"MALE","RENT",2,"BAD"
"536",536,37,"MALE","OTHERS",4,"BAD"
"537",537,37,"MALE","OWNED",3,"GOOD"
"538",538,38,"MALE","OWNED",3,"GOOD"
"539",539,35,"MALE","RENT",2,"BAD"
"540",540,40,"MALE","OWNED",5,"GOOD"
"541",541,26,"MALE","RENT",1,"BAD"
"542",542,26,"FEMALE","OWNED",0,"GOOD"
"543",543,30,"MALE","OWNED",2,"GOOD"
"544",544,37,"MALE","OWNED",4,"GOOD"
"545",545,38,"MALE","RENT",0,"GOOD"
"546",546,33,"MALE","RENT",2,"BAD"
"547",547,40,"MALE","RENT",3,"BAD"
"548",548,36,"MALE","OWNED",3,"GOOD"
"549",549,37,"FEMALE","OTHERS",0,"GOOD"
"550",550,41,"MALE","OWNED",2,"BAD"
"551",551,33,"MALE","OWNED",5,"GOOD"
"552",552,47,"MALE","OWNED",2,"GOOD"
"553",553,31,"MALE","RENT",2,"GOOD"
"554",554,34,"FEMALE","RENT",1,"GOOD"
"555",555,30,"MALE","OTHERS",3,"BAD"
"556",556,32,"FEMALE","OWNED",4,"GOOD"
"557",557,27,"MALE","OWNED",1,"BAD"
"558",558,36,"MALE","OWNED",2,"BAD"
"559",559,30,"FEMALE","OWNED",1,"GOOD"
"560",560,39,"MALE","OWNED",4,"BAD"
"561",561,43,"FEMALE","OWNED",2,"GOOD"
"562",562,34,"MALE","OWNED",0,"GOOD"
"563",563,35,"FEMALE","OWNED",2,"GOOD"
"564",564,31,"MALE","OWNED",1,"GOOD"
"565",565,42,"MALE","OWNED",2,"GOOD"
"566",566,40,"FEMALE","OWNED",0,"GOOD"
"567",567,33,"FEMALE","OWNED",0,"GOOD"
"568",568,30,"MALE","OWNED",3,"GOOD"
"569",569,37,"FEMALE","RENT",0,"GOOD"
"570",570,37,"FEMALE","OWNED",4,"GOOD"
"571",571,40,"MALE","OTHERS",0,"GOOD"
"572",572,31,"MALE","RENT",4,"BAD"
"573",573,42,"MALE","PARENTS",4,"BAD"
"574",574,30,"FEMALE","OWNED",3,"GOOD"
"575",575,44,"FEMALE","OWNED",3,"GOOD"
"576",576,33,"MALE","OWNED",0,"GOOD"
"577",577,24,"MALE","PARENTS",0,"BAD"
"578",578,36,"FEMALE","RENT",0,"GOOD"
"579",579,30,"MALE","RENT",5,"BAD"
"580",580,38,"FEMALE","RENT",1,"GOOD"
"581",581,33,"MALE","OWNED",1,"GOOD"
"582",582,31,"MALE","OTHERS",4,"BAD"
"583",583,39,"MALE","OWNED",3,"GOOD"
"584",584,31,"MALE","RENT",5,"BAD"
"585",585,36,"MALE","PARENTS",0,"BAD"
"586",586,21,"MALE","RENT",1,"BAD"
"587",587,36,"FEMALE","OWNED",4,"GOOD"
"588",588,38,"MALE","RENT",5,"BAD"
"589",589,30,"FEMALE","RENT",0,"GOOD"
"590",590,38,"FEMALE","OWNED",2,"GOOD"
"591",591,25,"MALE","RENT",0,"BAD"
"592",592,40,"FEMALE","OWNED",4,"GOOD"
"593",593,42,"MALE","OWNED",0,"GOOD"
"594",594,26,"FEMALE","RENT",0,"GOOD"
"595",595,25,"MALE","RENT",0,"GOOD"
"596",596,25,"FEMALE","OWNED",0,"GOOD"
"597",597,37,"MALE","RENT",2,"BAD"
"598",598,21,"FEMALE","PARENTS",1,"BAD"
"599",599,37,"MALE","OWNED",0,"GOOD"
"600",600,40,"MALE","PARENTS",0,"GOOD"
"601",601,38,"MALE","OWNED",0,"GOOD"
"602",602,35,"MALE","PARENTS",4,"BAD"
"603",603,44,"FEMALE","OWNED",2,"GOOD"
"604",604,27,"MALE","RENT",1,"BAD"
"605",605,19,"MALE","PARENTS",0,"BAD"
"606",606,32,"MALE","OWNED",1,"GOOD"
"607",607,38,"FEMALE","OWNED",5,"GOOD"
"608",608,40,"MALE","OWNED",1,"GOOD"
"609",609,25,"MALE","OWNED",0,"GOOD"
"610",610,28,"FEMALE","OWNED",1,"GOOD"
"611",611,37,"MALE","OWNED",4,"BAD"
"612",612,35,"FEMALE","OWNED",3,"GOOD"
"613",613,25,"MALE","OWNED",0,"GOOD"
"614",614,42,"FEMALE","RENT",5,"BAD"
"615",615,33,"FEMALE","OWNED",0,"GOOD"
"616",616,31,"FEMALE","RENT",5,"BAD"
"617",617,36,"FEMALE","PARENTS",1,"GOOD"
"618",618,49,"MALE","OWNED",4,"GOOD"
"619",619,31,"MALE","OWNED",0,"GOOD"
"620",620,41,"FEMALE","OWNED",2,"GOOD"
"621",621,39,"MALE","OWNED",4,"GOOD"
"622",622,44,"MALE","RENT",0,"GOOD"
"623",623,29,"FEMALE","RENT",1,"GOOD"
"624",624,46,"FEMALE","OWNED",4,"GOOD"
"625",625,32,"MALE","RENT",2,"BAD"
"626",626,31,"MALE","RENT",2,"BAD"
"627",627,32,"FEMALE","RENT",1,"GOOD"
"628",628,35,"FEMALE","OWNED",5,"GOOD"
"629",629,40,"MALE","OWNED",1,"GOOD"
"630",630,31,"MALE","OTHERS",1,"BAD"
"631",631,38,"MALE","OWNED",5,"GOOD"
"632",632,34,"MALE","RENT",2,"GOOD"
"633",633,30,"MALE","RENT",1,"GOOD"
"634",634,41,"FEMALE","RENT",4,"BAD"
"635",635,40,"MALE","OWNED",2,"GOOD"
"636",636,31,"MALE","OWNED",5,"GOOD"
"637",637,33,"MALE","PARENTS",2,"GOOD"
"638",638,25,"MALE","OWNED",1,"GOOD"
"639",639,36,"MALE","OWNED",0,"GOOD"
"640",640,36,"MALE","OWNED",5,"BAD"
"641",641,32,"FEMALE","RENT",4,"BAD"
"642",642,33,"FEMALE","RENT",1,"GOOD"
"643",643,28,"MALE","OTHERS",0,"BAD"
"644",644,46,"FEMALE","OWNED",3,"GOOD"
"645",645,31,"MALE","RENT",1,"GOOD"
"646",646,38,"MALE","RENT",2,"BAD"
"647",647,31,"FEMALE","OWNED",0,"GOOD"
"648",648,33,"FEMALE","RENT",2,"BAD"
"649",649,29,"MALE","RENT",0,"BAD"
"650",650,33,"MALE","PARENTS",3,"BAD"
"651",651,33,"MALE","RENT",2,"BAD"
"652",652,23,"MALE","PARENTS",0,"BAD"
"653",653,42,"MALE","OWNED",5,"BAD"
"654",654,34,"FEMALE","OWNED",5,"GOOD"
"655",655,37,"FEMALE","OWNED",4,"GOOD"
"656",656,35,"FEMALE","RENT",5,"BAD"
"657",657,34,"FEMALE","RENT",4,"BAD"
"658",658,39,"MALE","OWNED",2,"GOOD"
"659",659,42,"MALE","OWNED",2,"GOOD"
"660",660,39,"MALE","OWNED",1,"GOOD"
"661",661,33,"MALE","OWNED",4,"BAD"
"662",662,39,"MALE","RENT",3,"BAD"
"663",663,34,"FEMALE","OWNED",3,"GOOD"
"664",664,39,"MALE","PARENTS",3,"GOOD"
"665",665,35,"FEMALE","OWNED",5,"GOOD"
"666",666,43,"FEMALE","OWNED",5,"GOOD"
"667",667,30,"MALE","OWNED",1,"GOOD"
"668",668,45,"FEMALE","OWNED",4,"GOOD"
"669",669,21,"FEMALE","OWNED",1,"GOOD"
"670",670,36,"MALE","RENT",3,"BAD"
"671",671,32,"FEMALE","RENT",5,"BAD"
"672",672,39,"MALE","OTHERS",2,"GOOD"
"673",673,33,"FEMALE","RENT",4,"BAD"
"674",674,36,"FEMALE","PARENTS",2,"GOOD"
"675",675,38,"MALE","OWNED",3,"GOOD"
"676",676,40,"MALE","OWNED",1,"GOOD"
"677",677,38,"MALE","RENT",5,"BAD"
"678",678,39,"MALE","OWNED",2,"GOOD"
"679",679,30,"MALE","RENT",4,"BAD"
"680",680,24,"FEMALE","OWNED",0,"GOOD"
"681",681,41,"FEMALE","OWNED",1,"GOOD"
"682",682,33,"MALE","OWNED",2,"BAD"
"683",683,30,"MALE","PARENTS",2,"GOOD"
"684",684,38,"FEMALE","OWNED",1,"GOOD"
"685",685,37,"FEMALE","OWNED",5,"GOOD"
"686",686,34,"MALE","OWNED",0,"GOOD"
"687",687,30,"MALE","RENT",2,"BAD"
"688",688,31,"MALE","RENT",4,"BAD"
"689",689,37,"FEMALE","RENT",2,"GOOD"
"690",690,38,"MALE","OWNED",5,"BAD"
"691",691,39,"FEMALE","OWNED",5,"GOOD"
"692",692,35,"MALE","RENT",4,"BAD"
"693",693,34,"MALE","RENT",3,"BAD"
"694",694,32,"MALE","OTHERS",0,"BAD"
"695",695,37,"MALE","OWNED",0,"GOOD"
"696",696,36,"MALE","OWNED",1,"GOOD"
"697",697,37,"MALE","RENT",1,"BAD"
"698",698,37,"FEMALE","RENT",3,"BAD"
"699",699,34,"MALE","OWNED",4,"BAD"
"700",700,33,"MALE","OWNED",0,"GOOD"
"701",701,30,"MALE","OWNED",0,"GOOD"
"702",702,33,"MALE","OWNED",1,"GOOD"
"703",703,43,"MALE","OWNED",5,"GOOD"
"704",704,35,"MALE","RENT",2,"GOOD"
"705",705,32,"MALE","OWNED",2,"BAD"
"706",706,28,"MALE","OWNED",0,"GOOD"
"707",707,29,"MALE","RENT",0,"BAD"
"708",708,40,"MALE","OWNED",2,"GOOD"
"709",709,35,"MALE","RENT",4,"BAD"
"710",710,45,"MALE","OWNED",4,"GOOD"
"711",711,32,"MALE","RENT",4,"BAD"
"712",712,22,"FEMALE","PARENTS",1,"GOOD"
"713",713,48,"FEMALE","OWNED",1,"GOOD"
"714",714,37,"MALE","RENT",1,"BAD"
"715",715,33,"MALE","OWNED",2,"GOOD"
"716",716,36,"FEMALE","OWNED",3,"GOOD"
"717",717,37,"MALE","RENT",5,"BAD"
"718",718,34,"MALE","RENT",0,"BAD"
"719",719,43,"FEMALE","PARENTS",1,"GOOD"
"720",720,20,"FEMALE","PARENTS",1,"BAD"
"721",721,36,"FEMALE","OWNED",4,"GOOD"
"722",722,40,"FEMALE","OWNED",3,"GOOD"
"723",723,34,"MALE","OWNED",1,"GOOD"
"724",724,31,"MALE","RENT",5,"BAD"
"725",725,38,"MALE","OWNED",5,"GOOD"
"726",726,37,"MALE","OWNED",4,"GOOD"
"727",727,29,"MALE","RENT",0,"BAD"
"728",728,38,"MALE","OWNED",3,"GOOD"
"729",729,46,"FEMALE","OWNED",2,"GOOD"
"730",730,27,"MALE","RENT",1,"BAD"
"731",731,39,"MALE","OWNED",4,"GOOD"
"732",732,36,"FEMALE","OTHERS",1,"GOOD"
"733",733,24,"MALE","PARENTS",1,"BAD"
"734",734,40,"MALE","OWNED",1,"GOOD"
"735",735,38,"MALE","OWNED",3,"GOOD"
"736",736,37,"MALE","OWNED",4,"BAD"
"737",737,41,"MALE","OWNED",0,"GOOD"
"738",738,41,"FEMALE","OWNED",1,"GOOD"
"739",739,45,"MALE","PARENTS",3,"GOOD"
"740",740,21,"MALE","RENT",1,"BAD"
"741",741,31,"MALE","OWNED",5,"BAD"
"742",742,33,"MALE","PARENTS",4,"BAD"
"743",743,32,"MALE","OWNED",1,"GOOD"
"744",744,22,"FEMALE","PARENTS",0,"GOOD"
"745",745,44,"MALE","RENT",1,"BAD"
"746",746,36,"MALE","RENT",2,"GOOD"
"747",747,33,"MALE","OWNED",3,"GOOD"
"748",748,35,"MALE","OWNED",0,"GOOD"
"749",749,35,"FEMALE","PARENTS",0,"GOOD"
"750",750,33,"MALE","RENT",2,"GOOD"
"751",751,39,"FEMALE","OWNED",1,"GOOD"
"752",752,46,"MALE","RENT",0,"GOOD"
"753",753,30,"MALE","OWNED",1,"GOOD"
"754",754,29,"MALE","OWNED",0,"GOOD"
"755",755,39,"FEMALE","OTHERS",4,"GOOD"
"756",756,49,"FEMALE","OWNED",1,"GOOD"
"757",757,35,"MALE","RENT",1,"BAD"
"758",758,35,"MALE","PARENTS",2,"GOOD"
"759",759,44,"FEMALE","RENT",3,"BAD"
"760",760,28,"FEMALE","RENT",1,"BAD"
"761",761,32,"MALE","OWNED",1,"GOOD"
"762",762,37,"MALE","OWNED",2,"GOOD"
"763",763,29,"FEMALE","PARENTS",0,"GOOD"
"764",764,36,"FEMALE","PARENTS",5,"GOOD"
"765",765,31,"FEMALE","OWNED",1,"GOOD"
"766",766,33,"MALE","RENT",5,"BAD"
"767",767,38,"FEMALE","RENT",5,"GOOD"
"768",768,31,"FEMALE","OWNED",2,"GOOD"
"769",769,51,"MALE","OWNED",0,"GOOD"
"770",770,35,"FEMALE","OWNED",4,"GOOD"
"771",771,30,"MALE","RENT",3,"BAD"
"772",772,36,"FEMALE","PARENTS",4,"GOOD"
"773",773,31,"MALE","OWNED",0,"GOOD"
"774",774,34,"MALE","RENT",3,"BAD"
"775",775,37,"FEMALE","OWNED",2,"GOOD"
"776",776,32,"FEMALE","RENT",0,"GOOD"
"777",777,32,"FEMALE","OWNED",1,"GOOD"
"778",778,36,"FEMALE","RENT",0,"GOOD"
"779",779,34,"MALE","OWNED",5,"BAD"
"780",780,31,"MALE","OWNED",2,"GOOD"
"781",781,49,"MALE","OWNED",3,"GOOD"
"782",782,28,"FEMALE","RENT",0,"GOOD"
"783",783,28,"MALE","OWNED",0,"GOOD"
"784",784,41,"FEMALE","OWNED",5,"GOOD"
"785",785,34,"FEMALE","OWNED",0,"GOOD"
"786",786,39,"MALE","RENT",4,"BAD"
"787",787,38,"FEMALE","RENT",5,"BAD"
"788",788,27,"FEMALE","OWNED",0,"GOOD"
"789",789,35,"FEMALE","OWNED",0,"GOOD"
"790",790,36,"MALE","OWNED",3,"GOOD"
"791",791,30,"MALE","OWNED",3,"GOOD"
"792",792,42,"MALE","OWNED",4,"GOOD"
"793",793,33,"FEMALE","RENT",4,"BAD"
"794",794,39,"MALE","OWNED",5,"GOOD"
"795",795,33,"MALE","OWNED",4,"BAD"
"796",796,41,"MALE","OTHERS",0,"BAD"
"797",797,43,"FEMALE","OWNED",1,"GOOD"
"798",798,36,"FEMALE","OWNED",2,"GOOD"
"799",799,36,"FEMALE","OWNED",3,"GOOD"
"800",800,32,"MALE","OWNED",1,"GOOD"
"801",801,39,"MALE","RENT",1,"BAD"
"802",802,39,"MALE","OWNED",0,"GOOD"
"803",803,23,"FEMALE","PARENTS",0,"GOOD"
"804",804,26,"MALE","RENT",1,"BAD"
"805",805,46,"FEMALE","OWNED",2,"GOOD"
"806",806,32,"FEMALE","OWNED",4,"GOOD"
"807",807,26,"MALE","RENT",0,"GOOD"
"808",808,34,"FEMALE","OWNED",4,"GOOD"
"809",809,36,"FEMALE","RENT",1,"GOOD"
"810",810,30,"MALE","OTHERS",1,"BAD"
"811",811,34,"MALE","RENT",0,"BAD"
"812",812,40,"FEMALE","OWNED",1,"GOOD"
"813",813,46,"FEMALE","RENT",3,"GOOD"
"814",814,33,"FEMALE","RENT",5,"GOOD"
"815",815,25,"FEMALE","RENT",1,"GOOD"
"816",816,44,"FEMALE","RENT",5,"GOOD"
"817",817,37,"MALE","RENT",3,"BAD"
"818",818,29,"MALE","OWNED",0,"GOOD"
"819",819,24,"MALE","OWNED",0,"BAD"
"820",820,43,"FEMALE","RENT",0,"GOOD"
"821",821,31,"MALE","PARENTS",1,"BAD"
"822",822,29,"FEMALE","OWNED",1,"GOOD"
"823",823,37,"FEMALE","OWNED",5,"BAD"
"824",824,38,"MALE","OWNED",2,"GOOD"
"825",825,37,"MALE","OWNED",4,"BAD"
"826",826,36,"MALE","OWNED",4,"GOOD"
"827",827,37,"MALE","OWNED",1,"GOOD"
"828",828,29,"FEMALE","RENT",1,"BAD"
"829",829,23,"MALE","OWNED",1,"GOOD"
"830",830,45,"FEMALE","OWNED",5,"GOOD"
"831",831,47,"MALE","OWNED",3,"GOOD"
"832",832,42,"MALE","OWNED",4,"GOOD"
"833",833,39,"MALE","OWNED",1,"GOOD"
"834",834,36,"FEMALE","RENT",2,"BAD"
"835",835,49,"MALE","OWNED",0,"GOOD"
"836",836,36,"MALE","RENT",1,"GOOD"
"837",837,38,"MALE","RENT",1,"BAD"
"838",838,27,"FEMALE","OWNED",0,"GOOD"
"839",839,25,"MALE","OWNED",0,"GOOD"
"840",840,36,"MALE","RENT",2,"BAD"
"841",841,28,"FEMALE","OWNED",1,"GOOD"
"842",842,41,"MALE","OWNED",3,"GOOD"
"843",843,42,"MALE","RENT",0,"GOOD"
"844",844,36,"MALE","OWNED",3,"GOOD"
"845",845,44,"MALE","RENT",0,"GOOD"
"846",846,32,"MALE","OWNED",5,"GOOD"
"847",847,40,"FEMALE","OWNED",5,"GOOD"
"848",848,37,"FEMALE","OWNED",1,"GOOD"
"849",849,35,"FEMALE","OWNED",5,"GOOD"
"850",850,32,"MALE","RENT",2,"BAD"
"851",851,37,"FEMALE","OWNED",2,"GOOD"
"852",852,39,"MALE","OWNED",5,"BAD"
"853",853,31,"FEMALE","RENT",3,"BAD"
"854",854,33,"MALE","OWNED",4,"GOOD"
"855",855,37,"MALE","PARENTS",2,"GOOD"
"856",856,34,"FEMALE","PARENTS",5,"BAD"
"857",857,39,"MALE","OTHERS",2,"BAD"
"858",858,25,"MALE","RENT",1,"BAD"
"859",859,33,"FEMALE","PARENTS",5,"BAD"
"860",860,47,"MALE","RENT",5,"BAD"
"861",861,33,"MALE","OWNED",4,"BAD"
"862",862,31,"FEMALE","RENT",0,"GOOD"
"863",863,41,"MALE","PARENTS",0,"GOOD"
"864",864,40,"FEMALE","RENT",4,"BAD"
"865",865,30,"FEMALE","PARENTS",4,"GOOD"
"866",866,45,"FEMALE","RENT",1,"GOOD"
"867",867,31,"FEMALE","OWNED",0,"GOOD"
"868",868,32,"MALE","RENT",0,"GOOD"
"869",869,32,"FEMALE","RENT",5,"GOOD"
"870",870,35,"MALE","OWNED",0,"GOOD"
"871",871,30,"MALE","OWNED",5,"BAD"
"872",872,29,"MALE","OWNED",0,"BAD"
"873",873,36,"FEMALE","RENT",1,"GOOD"
"874",874,44,"MALE","OWNED",4,"GOOD"
"875",875,41,"FEMALE","RENT",4,"GOOD"
"876",876,35,"FEMALE","RENT",2,"BAD"
"877",877,38,"MALE","OWNED",4,"GOOD"
"878",878,46,"MALE","OWNED",2,"GOOD"
"879",879,39,"FEMALE","OWNED",1,"GOOD"
"880",880,36,"FEMALE","OWNED",1,"GOOD"
"881",881,29,"FEMALE","OWNED",1,"GOOD"
"882",882,46,"MALE","OWNED",1,"GOOD"
"883",883,34,"MALE","OWNED",4,"BAD"
"884",884,37,"MALE","OWNED",0,"GOOD"
"885",885,35,"FEMALE","OWNED",5,"GOOD"
"886",886,37,"FEMALE","OWNED",0,"GOOD"
"887",887,32,"MALE","OWNED",0,"GOOD"
"888",888,32,"MALE","OTHERS",4,"BAD"
"889",889,47,"FEMALE","OWNED",4,"GOOD"
"890",890,36,"MALE","OWNED",3,"GOOD"
"891",891,37,"MALE","RENT",3,"BAD"
"892",892,24,"MALE","PARENTS",1,"BAD"
"893",893,29,"MALE","RENT",0,"GOOD"
"894",894,38,"FEMALE","OWNED",4,"GOOD"
"895",895,34,"FEMALE","OWNED",0,"GOOD"
"896",896,31,"MALE","OWNED",3,"BAD"
"897",897,38,"FEMALE","RENT",1,"GOOD"
"898",898,25,"MALE","OWNED",1,"BAD"
"899",899,42,"MALE","OWNED",5,"GOOD"
"900",900,26,"MALE","OWNED",0,"BAD"
"901",901,39,"MALE","RENT",5,"BAD"
"902",902,32,"MALE","OWNED",2,"BAD"
"903",903,29,"MALE","OWNED",0,"GOOD"
"904",904,37,"FEMALE","PARENTS",1,"GOOD"
"905",905,34,"MALE","RENT",4,"BAD"
"906",906,25,"FEMALE","OWNED",0,"GOOD"
"907",907,33,"MALE","PARENTS",2,"BAD"
"908",908,47,"FEMALE","RENT",2,"BAD"
"909",909,36,"MALE","OWNED",3,"GOOD"
"910",910,34,"MALE","OTHERS",3,"GOOD"
"911",911,41,"FEMALE","PARENTS",5,"GOOD"
"912",912,36,"FEMALE","OWNED",2,"GOOD"
"913",913,35,"MALE","RENT",1,"BAD"
"914",914,38,"FEMALE","OWNED",3,"GOOD"
"915",915,29,"FEMALE","OWNED",1,"GOOD"
"916",916,32,"FEMALE","OWNED",2,"GOOD"
"917",917,35,"MALE","RENT",3,"BAD"
"918",918,37,"FEMALE","OWNED",2,"GOOD"
"919",919,38,"FEMALE","OTHERS",0,"GOOD"
"920",920,30,"MALE","OWNED",2,"GOOD"
"921",921,33,"MALE","OWNED",1,"GOOD"
"922",922,38,"FEMALE","RENT",0,"GOOD"
"923",923,38,"MALE","RENT",1,"GOOD"
"924",924,45,"MALE","PARENTS",0,"GOOD"
"925",925,30,"MALE","OTHERS",5,"BAD"
"926",926,34,"MALE","OWNED",1,"GOOD"
"927",927,37,"MALE","RENT",3,"BAD"
"928",928,45,"MALE","RENT",0,"BAD"
"929",929,40,"FEMALE","OWNED",4,"GOOD"
"930",930,39,"MALE","RENT",0,"GOOD"
"931",931,21,"FEMALE","OWNED",1,"GOOD"
"932",932,35,"MALE","OWNED",4,"GOOD"
"933",933,39,"MALE","OWNED",4,"GOOD"
"934",934,42,"MALE","OWNED",2,"GOOD"
"935",935,22,"FEMALE","PARENTS",1,"GOOD"
"936",936,40,"MALE","OTHERS",5,"BAD"
"937",937,35,"FEMALE","OWNED",0,"GOOD"
"938",938,38,"MALE","RENT",4,"BAD"
"939",939,37,"MALE","OWNED",1,"GOOD"
"940",940,28,"MALE","OWNED",1,"GOOD"
"941",941,33,"MALE","OWNED",5,"BAD"
"942",942,41,"MALE","PARENTS",0,"BAD"
"943",943,43,"MALE","OWNED",0,"GOOD"
"944",944,33,"FEMALE","OWNED",2,"GOOD"
"945",945,37,"MALE","OTHERS",1,"BAD"
"946",946,31,"MALE","RENT",0,"GOOD"
"947",947,26,"MALE","OWNED",0,"GOOD"
"948",948,38,"MALE","OWNED",3,"BAD"
"949",949,36,"FEMALE","OWNED",5,"GOOD"
"950",950,34,"MALE","OWNED",0,"GOOD"
"951",951,33,"MALE","RENT",3,"BAD"
"952",952,40,"FEMALE","OWNED",5,"GOOD"
"953",953,38,"MALE","PARENTS",5,"GOOD"
"954",954,39,"FEMALE","PARENTS",2,"GOOD"
"955",955,32,"FEMALE","OTHERS",1,"GOOD"
"956",956,32,"MALE","OWNED",5,"GOOD"
"957",957,38,"FEMALE","OWNED",1,"GOOD"
"958",958,25,"MALE","OWNED",0,"GOOD"
"959",959,32,"MALE","OWNED",3,"GOOD"
"960",960,43,"FEMALE","RENT",3,"BAD"
"961",961,38,"FEMALE","OWNED",2,"GOOD"
"962",962,39,"FEMALE","OWNED",1,"GOOD"
"963",963,34,"FEMALE","OWNED",4,"GOOD"
"964",964,27,"FEMALE","OWNED",0,"GOOD"
"965",965,27,"MALE","RENT",1,"BAD"
"966",966,42,"MALE","OWNED",5,"GOOD"
"967",967,38,"FEMALE","OWNED",4,"GOOD"
"968",968,37,"MALE","RENT",1,"BAD"
"969",969,24,"MALE","PARENTS",0,"BAD"
"970",970,45,"FEMALE","OWNED",2,"GOOD"
"971",971,38,"MALE","RENT",5,"BAD"
"972",972,28,"MALE","RENT",1,"GOOD"
"973",973,41,"FEMALE","RENT",0,"GOOD"
"974",974,21,"FEMALE","OWNED",1,"GOOD"
"975",975,32,"MALE","RENT",1,"BAD"
"976",976,30,"FEMALE","RENT",3,"BAD"
"977",977,44,"MALE","OWNED",2,"BAD"
"978",978,36,"MALE","OWNED",3,"GOOD"
"979",979,48,"MALE","OWNED",1,"GOOD"
"980",980,29,"FEMALE","OWNED",0,"GOOD"
"981",981,35,"MALE","OWNED",5,"BAD"
"982",982,35,"MALE","OWNED",2,"GOOD"
"983",983,37,"FEMALE","RENT",4,"BAD"
"984",984,30,"MALE","OTHERS",4,"GOOD"
"985",985,39,"MALE","OWNED",5,"GOOD"
"986",986,31,"FEMALE","OWNED",0,"GOOD"
"987",987,50,"MALE","OWNED",2,"GOOD"
"988",988,37,"FEMALE","OWNED",3,"GOOD"
"989",989,36,"MALE","RENT",1,"GOOD"
"990",990,46,"FEMALE","OWNED",3,"GOOD"
"991",991,33,"MALE","PARENTS",1,"GOOD"
"992",992,35,"FEMALE","RENT",2,"GOOD"
"993",993,41,"MALE","RENT",4,"BAD"
"994",994,32,"MALE","RENT",2,"BAD"
"995",995,37,"MALE","OWNED",3,"GOOD"
"996",996,28,"FEMALE","RENT",1,"BAD"
"997",997,42,"FEMALE","OWNED",5,"BAD"
"998",998,41,"MALE","RENT",4,"BAD"
"999",999,28,"FEMALE","RENT",1,"GOOD"
"1000",1000,38,"FEMALE","OTHERS",1,"GOOD"
"1001",1001,44,"MALE","RENT",4,"BAD"
"1002",1002,37,"FEMALE","RENT",2,"BAD"
"1003",1003,38,"FEMALE","RENT",2,"GOOD"
"1004",1004,41,"FEMALE","OTHERS",2,"GOOD"
"1005",1005,35,"MALE","RENT",4,"BAD"
"1006",1006,42,"FEMALE","RENT",1,"GOOD"
"1007",1007,40,"MALE","OWNED",5,"BAD"
"1008",1008,48,"FEMALE","OWNED",2,"GOOD"
"1009",1009,30,"MALE","OWNED",2,"GOOD"
"1010",1010,31,"FEMALE","OWNED",4,"GOOD"
"1011",1011,32,"FEMALE","OWNED",4,"GOOD"
"1012",1012,37,"MALE","OWNED",5,"BAD"
"1013",1013,28,"MALE","RENT",0,"GOOD"
"1014",1014,26,"MALE","RENT",1,"BAD"
"1015",1015,42,"MALE","RENT",2,"BAD"
"1016",1016,37,"MALE","RENT",0,"GOOD"
"1017",1017,38,"MALE","RENT",2,"BAD"
"1018",1018,36,"MALE","OTHERS",2,"BAD"
"1019",1019,30,"FEMALE","OWNED",3,"GOOD"
"1020",1020,35,"MALE","RENT",0,"GOOD"
"1021",1021,46,"FEMALE","OWNED",5,"GOOD"
"1022",1022,39,"FEMALE","OWNED",0,"GOOD"
"1023",1023,28,"MALE","OTHERS",1,"BAD"
"1024",1024,34,"MALE","OWNED",2,"GOOD"
"1025",1025,27,"MALE","OTHERS",1,"GOOD"
"1026",1026,34,"MALE","RENT",4,"BAD"
"1027",1027,37,"FEMALE","RENT",0,"GOOD"
"1028",1028,22,"MALE","PARENTS",1,"BAD"
"1029",1029,39,"MALE","OWNED",1,"GOOD"
"1030",1030,37,"FEMALE","PARENTS",5,"BAD"
"1031",1031,36,"MALE","OWNED",5,"GOOD"
"1032",1032,40,"MALE","RENT",2,"GOOD"
"1033",1033,21,"MALE","OWNED",0,"BAD"
"1034",1034,34,"MALE","OWNED",1,"GOOD"
"1035",1035,33,"MALE","OWNED",1,"GOOD"
"1036",1036,25,"FEMALE","RENT",0,"GOOD"
"1037",1037,37,"MALE","RENT",1,"BAD"
"1038",1038,43,"FEMALE","PARENTS",1,"GOOD"
"1039",1039,44,"MALE","RENT",3,"BAD"
"1040",1040,32,"FEMALE","OWNED",5,"GOOD"
"1041",1041,45,"MALE","OWNED",5,"GOOD"
"1042",1042,26,"MALE","RENT",0,"BAD"
"1043",1043,34,"MALE","OWNED",0,"GOOD"
"1044",1044,32,"FEMALE","PARENTS",1,"GOOD"
"1045",1045,37,"MALE","OWNED",2,"BAD"
"1046",1046,38,"FEMALE","RENT",4,"GOOD"
"1047",1047,42,"FEMALE","OWNED",3,"GOOD"
"1048",1048,32,"MALE","RENT",5,"BAD"
"1049",1049,30,"MALE","OWNED",3,"BAD"
"1050",1050,35,"FEMALE","PARENTS",0,"GOOD"
"1051",1051,36,"MALE","OWNED",3,"GOOD"
"1052",1052,28,"FEMALE","OTHERS",1,"BAD"
"1053",1053,40,"MALE","RENT",2,"GOOD"
"1054",1054,44,"MALE","RENT",0,"GOOD"
"1055",1055,24,"MALE","OWNED",0,"GOOD"
"1056",1056,42,"MALE","RENT",5,"BAD"
"1057",1057,32,"MALE","OWNED",5,"BAD"
"1058",1058,41,"FEMALE","RENT",3,"GOOD"
"1059",1059,27,"MALE","OWNED",0,"GOOD"
"1060",1060,28,"MALE","RENT",1,"BAD"
"1061",1061,37,"MALE","RENT",3,"BAD"
"1062",1062,41,"MALE","RENT",2,"BAD"
"1063",1063,45,"MALE","PARENTS",3,"GOOD"
"1064",1064,32,"MALE","OWNED",5,"GOOD"
"1065",1065,30,"FEMALE","RENT",5,"BAD"
"1066",1066,35,"MALE","OWNED",4,"BAD"
"1067",1067,35,"FEMALE","OWNED",4,"GOOD"
"1068",1068,29,"MALE","OWNED",0,"GOOD"
"1069",1069,44,"FEMALE","RENT",1,"GOOD"
"1070",1070,39,"FEMALE","RENT",5,"GOOD"
"1071",1071,32,"FEMALE","OTHERS",1,"GOOD"
"1072",1072,41,"MALE","PARENTS",0,"GOOD"
"1073",1073,39,"MALE","OWNED",0,"GOOD"
"1074",1074,30,"MALE","OWNED",5,"BAD"
"1075",1075,30,"MALE","RENT",2,"BAD"
"1076",1076,38,"MALE","OTHERS",0,"GOOD"
"1077",1077,47,"MALE","OWNED",2,"GOOD"
"1078",1078,39,"MALE","RENT",0,"GOOD"
"1079",1079,35,"FEMALE","OWNED",5,"GOOD"
"1080",1080,33,"FEMALE","RENT",2,"BAD"
"1081",1081,40,"MALE","OWNED",5,"GOOD"
"1082",1082,41,"FEMALE","OWNED",1,"GOOD"
"1083",1083,39,"MALE","OWNED",3,"GOOD"
"1084",1084,31,"MALE","OWNED",4,"GOOD"
"1085",1085,24,"MALE","OWNED",1,"GOOD"
"1086",1086,48,"MALE","OWNED",1,"GOOD"
"1087",1087,46,"FEMALE","RENT",4,"BAD"
"1088",1088,36,"MALE","OWNED",4,"GOOD"
"1089",1089,43,"FEMALE","RENT",0,"GOOD"
"1090",1090,43,"MALE","PARENTS",3,"BAD"
"1091",1091,28,"MALE","OWNED",1,"GOOD"
"1092",1092,37,"FEMALE","OWNED",3,"GOOD"
"1093",1093,40,"MALE","OWNED",1,"GOOD"
"1094",1094,33,"MALE","RENT",2,"BAD"
"1095",1095,43,"FEMALE","RENT",3,"BAD"
"1096",1096,29,"MALE","OWNED",0,"BAD"
"1097",1097,36,"MALE","RENT",2,"GOOD"
"1098",1098,44,"FEMALE","RENT",0,"GOOD"
"1099",1099,34,"MALE","OTHERS",4,"BAD"
"1100",1100,39,"FEMALE","OWNED",5,"GOOD"
"1101",1101,27,"MALE","OWNED",1,"GOOD"
"1102",1102,40,"FEMALE","OWNED",3,"GOOD"
"1103",1103,43,"FEMALE","RENT",5,"GOOD"
"1104",1104,33,"MALE","OWNED",0,"GOOD"
"1105",1105,36,"MALE","RENT",3,"BAD"
"1106",1106,30,"FEMALE","PARENTS",4,"BAD"
"1107",1107,42,"FEMALE","OTHERS",3,"BAD"
"1108",1108,40,"MALE","OTHERS",0,"GOOD"
"1109",1109,36,"FEMALE","OWNED",5,"GOOD"
"1110",1110,45,"MALE","OWNED",2,"GOOD"
"1111",1111,30,"FEMALE","OWNED",2,"GOOD"
"1112",1112,24,"FEMALE","PARENTS",1,"BAD"
"1113",1113,36,"FEMALE","OWNED",3,"GOOD"
"1114",1114,33,"FEMALE","RENT",3,"BAD"
"1115",1115,28,"MALE","RENT",1,"BAD"
"1116",1116,57,"MALE","OWNED",1,"GOOD"
"1117",1117,43,"MALE","RENT",4,"BAD"
"1118",1118,33,"MALE","OWNED",4,"GOOD"
"1119",1119,30,"MALE","OWNED",0,"GOOD"
"1120",1120,36,"FEMALE","RENT",5,"BAD"
"1121",1121,38,"MALE","RENT",3,"GOOD"
"1122",1122,42,"MALE","OWNED",0,"GOOD"
"1123",1123,32,"MALE","OWNED",5,"GOOD"
"1124",1124,29,"MALE","OWNED",0,"GOOD"
"1125",1125,33,"MALE","RENT",5,"BAD"
"1126",1126,39,"MALE","OWNED",4,"BAD"
"1127",1127,32,"MALE","RENT",4,"BAD"
"1128",1128,24,"MALE","PARENTS",1,"BAD"
"1129",1129,32,"MALE","OWNED",4,"BAD"
"1130",1130,37,"MALE","RENT",5,"BAD"
"1131",1131,30,"MALE","RENT",5,"BAD"
"1132",1132,34,"MALE","RENT",5,"BAD"
"1133",1133,34,"FEMALE","PARENTS",5,"GOOD"
"1134",1134,34,"FEMALE","OWNED",2,"GOOD"
"1135",1135,29,"MALE","PARENTS",1,"BAD"
"1136",1136,34,"MALE","PARENTS",3,"BAD"
"1137",1137,44,"FEMALE","RENT",4,"BAD"
"1138",1138,23,"FEMALE","PARENTS",0,"GOOD"
"1139",1139,36,"MALE","RENT",1,"GOOD"
"1140",1140,39,"MALE","RENT",1,"GOOD"
"1141",1141,28,"MALE","OTHERS",1,"BAD"
"1142",1142,30,"FEMALE","OWNED",2,"GOOD"
"1143",1143,31,"MALE","OWNED",0,"GOOD"
"1144",1144,38,"FEMALE","OWNED",3,"GOOD"
"1145",1145,41,"MALE","PARENTS",5,"GOOD"
"1146",1146,45,"MALE","OWNED",3,"GOOD"
"1147",1147,36,"FEMALE","OWNED",3,"GOOD"
"1148",1148,38,"MALE","OWNED",3,"BAD"
"1149",1149,43,"MALE","RENT",1,"BAD"
"1150",1150,35,"FEMALE","OWNED",1,"GOOD"
"1151",1151,37,"MALE","OWNED",4,"BAD"
"1152",1152,30,"MALE","OWNED",0,"GOOD"
"1153",1153,32,"FEMALE","OWNED",3,"GOOD"
"1154",1154,41,"FEMALE","OWNED",1,"GOOD"
"1155",1155,28,"MALE","RENT",0,"BAD"
"1156",1156,34,"FEMALE","OWNED",3,"GOOD"
"1157",1157,42,"MALE","PARENTS",0,"GOOD"
"1158",1158,35,"MALE","OWNED",4,"GOOD"
"1159",1159,25,"MALE","OTHERS",1,"BAD"
"1160",1160,41,"MALE","OTHERS",2,"BAD"
"1161",1161,29,"MALE","RENT",0,"BAD"
"1162",1162,33,"FEMALE","OTHERS",1,"GOOD"
"1163",1163,28,"MALE","OWNED",1,"BAD"
"1164",1164,37,"FEMALE","OWNED",2,"GOOD"
"1165",1165,47,"MALE","OWNED",3,"GOOD"
"1166",1166,49,"FEMALE","RENT",0,"GOOD"
"1167",1167,37,"MALE","OWNED",1,"GOOD"
"1168",1168,34,"FEMALE","RENT",4,"BAD"
"1169",1169,32,"FEMALE","OWNED",3,"GOOD"
"1170",1170,35,"FEMALE","OTHERS",2,"GOOD"
"1171",1171,24,"FEMALE","RENT",0,"GOOD"
"1172",1172,34,"FEMALE","OWNED",0,"GOOD"
"1173",1173,28,"MALE","RENT",1,"BAD"
"1174",1174,32,"MALE","PARENTS",4,"BAD"
"1175",1175,36,"FEMALE","PARENTS",3,"GOOD"
"1176",1176,38,"MALE","OWNED",5,"GOOD"
"1177",1177,30,"FEMALE","OWNED",4,"GOOD"
"1178",1178,39,"MALE","PARENTS",5,"BAD"
"1179",1179,28,"MALE","OWNED",0,"BAD"
"1180",1180,33,"MALE","OWNED",1,"GOOD"
"1181",1181,35,"MALE","RENT",3,"BAD"
"1182",1182,36,"MALE","RENT",3,"GOOD"
"1183",1183,46,"MALE","OWNED",3,"GOOD"
"1184",1184,38,"MALE","RENT",5,"BAD"
"1185",1185,35,"FEMALE","RENT",3,"BAD"
"1186",1186,44,"MALE","OWNED",2,"GOOD"
"1187",1187,37,"MALE","RENT",2,"BAD"
"1188",1188,31,"MALE","RENT",3,"GOOD"
"1189",1189,38,"MALE","OWNED",4,"GOOD"
"1190",1190,28,"MALE","OWNED",0,"GOOD"
"1191",1191,40,"FEMALE","OWNED",5,"GOOD"
"1192",1192,39,"MALE","OWNED",4,"GOOD"
"1193",1193,28,"MALE","OWNED",0,"GOOD"
"1194",1194,33,"FEMALE","OWNED",1,"GOOD"
"1195",1195,34,"MALE","OWNED",3,"GOOD"
"1196",1196,29,"MALE","OWNED",1,"GOOD"
"1197",1197,27,"MALE","OWNED",1,"GOOD"
"1198",1198,40,"FEMALE","OWNED",3,"GOOD"
"1199",1199,37,"MALE","RENT",4,"BAD"
"1200",1200,39,"FEMALE","RENT",3,"BAD"
"1201",1201,31,"FEMALE","RENT",2,"BAD"
"1202",1202,34,"FEMALE","OTHERS",1,"GOOD"
"1203",1203,35,"MALE","RENT",5,"BAD"
"1204",1204,28,"MALE","OWNED",0,"GOOD"
"1205",1205,28,"MALE","OWNED",0,"GOOD"
"1206",1206,33,"MALE","OWNED",0,"GOOD"
"1207",1207,30,"FEMALE","OWNED",4,"GOOD"
"1208",1208,40,"FEMALE","OTHERS",2,"GOOD"
"1209",1209,26,"MALE","OWNED",0,"GOOD"
"1210",1210,36,"MALE","OWNED",2,"GOOD"
"1211",1211,37,"MALE","OWNED",0,"GOOD"
"1212",1212,31,"MALE","OWNED",4,"BAD"
"1213",1213,38,"FEMALE","OWNED",5,"GOOD"
"1214",1214,37,"MALE","RENT",4,"BAD"
"1215",1215,36,"MALE","OWNED",4,"BAD"
"1216",1216,37,"MALE","OTHERS",5,"BAD"
"1217",1217,32,"MALE","OWNED",5,"BAD"
"1218",1218,35,"FEMALE","OWNED",1,"GOOD"
"1219",1219,44,"MALE","OWNED",0,"GOOD"
"1220",1220,36,"MALE","OWNED",0,"GOOD"
"1221",1221,34,"MALE","OWNED",5,"GOOD"
"1222",1222,45,"MALE","RENT",5,"GOOD"
"1223",1223,25,"FEMALE","OWNED",1,"GOOD"
"1224",1224,32,"FEMALE","PARENTS",4,"GOOD"
"1225",1225,29,"FEMALE","OWNED",1,"GOOD"
"1226",1226,42,"MALE","RENT",0,"GOOD"
"1227",1227,39,"FEMALE","PARENTS",5,"BAD"
"1228",1228,25,"MALE","OWNED",1,"GOOD"
"1229",1229,40,"MALE","OWNED",2,"GOOD"
"1230",1230,35,"MALE","OWNED",1,"GOOD"
"1231",1231,30,"FEMALE","RENT",1,"BAD"
"1232",1232,40,"MALE","OWNED",1,"GOOD"
"1233",1233,23,"MALE","PARENTS",1,"BAD"
"1234",1234,35,"FEMALE","OWNED",0,"GOOD"
"1235",1235,31,"MALE","OWNED",3,"BAD"
"1236",1236,36,"FEMALE","OWNED",3,"GOOD"
"1237",1237,29,"MALE","OTHERS",1,"BAD"
"1238",1238,35,"FEMALE","OWNED",1,"GOOD"
"1239",1239,37,"MALE","OWNED",5,"GOOD"
"1240",1240,42,"MALE","RENT",5,"BAD"
"1241",1241,31,"MALE","OWNED",3,"BAD"
"1242",1242,34,"FEMALE","OWNED",4,"GOOD"
"1243",1243,37,"FEMALE","RENT",4,"BAD"
"1244",1244,35,"MALE","OWNED",0,"GOOD"
"1245",1245,31,"FEMALE","PARENTS",0,"GOOD"
"1246",1246,36,"MALE","RENT",2,"BAD"
"1247",1247,47,"MALE","RENT",2,"GOOD"
"1248",1248,37,"FEMALE","PARENTS",1,"GOOD"
"1249",1249,39,"MALE","OWNED",4,"GOOD"
"1250",1250,41,"MALE","OTHERS",0,"GOOD"
"1251",1251,30,"MALE","RENT",0,"BAD"
"1252",1252,39,"MALE","OTHERS",0,"BAD"
"1253",1253,40,"FEMALE","RENT",2,"GOOD"
"1254",1254,34,"FEMALE","OWNED",1,"GOOD"
"1255",1255,33,"FEMALE","RENT",2,"BAD"
"1256",1256,39,"FEMALE","OWNED",5,"GOOD"
"1257",1257,38,"MALE","OWNED",2,"GOOD"
"1258",1258,31,"MALE","OWNED",4,"GOOD"
"1259",1259,43,"MALE","OWNED",0,"GOOD"
"1260",1260,34,"MALE","RENT",4,"BAD"
"1261",1261,34,"FEMALE","RENT",5,"BAD"
"1262",1262,38,"MALE","OWNED",0,"GOOD"
"1263",1263,34,"FEMALE","OWNED",3,"GOOD"
"1264",1264,23,"FEMALE","OTHERS",0,"GOOD"
"1265",1265,43,"FEMALE","RENT",4,"BAD"
"1266",1266,35,"FEMALE","RENT",0,"GOOD"
"1267",1267,46,"FEMALE","OWNED",2,"GOOD"
"1268",1268,24,"MALE","PARENTS",0,"BAD"
"1269",1269,42,"MALE","PARENTS",5,"GOOD"
"1270",1270,29,"FEMALE","OWNED",1,"GOOD"
"1271",1271,30,"FEMALE","RENT",5,"BAD"
"1272",1272,43,"MALE","RENT",5,"BAD"
"1273",1273,36,"MALE","OWNED",2,"GOOD"
"1274",1274,29,"MALE","OTHERS",1,"GOOD"
"1275",1275,42,"MALE","OWNED",2,"BAD"
"1276",1276,37,"MALE","OWNED",1,"GOOD"
"1277",1277,32,"MALE","OTHERS",1,"GOOD"
"1278",1278,37,"FEMALE","OWNED",4,"GOOD"
"1279",1279,35,"MALE","OWNED",3,"GOOD"
"1280",1280,28,"MALE","OTHERS",0,"BAD"
"1281",1281,37,"FEMALE","OWNED",4,"GOOD"
"1282",1282,26,"MALE","OWNED",0,"GOOD"
"1283",1283,44,"FEMALE","RENT",3,"BAD"
"1284",1284,36,"MALE","RENT",5,"BAD"
"1285",1285,30,"MALE","OWNED",4,"GOOD"
"1286",1286,21,"MALE","PARENTS",1,"GOOD"
"1287",1287,33,"MALE","RENT",3,"BAD"
"1288",1288,37,"FEMALE","RENT",2,"BAD"
"1289",1289,28,"FEMALE","OWNED",0,"GOOD"
"1290",1290,39,"FEMALE","RENT",1,"GOOD"
"1291",1291,38,"FEMALE","RENT",3,"GOOD"
"1292",1292,36,"FEMALE","OWNED",3,"GOOD"
"1293",1293,30,"FEMALE","OWNED",1,"GOOD"
"1294",1294,37,"MALE","OWNED",0,"GOOD"
"1295",1295,41,"MALE","RENT",4,"BAD"
"1296",1296,45,"MALE","OWNED",4,"GOOD"
"1297",1297,36,"FEMALE","RENT",2,"BAD"
"1298",1298,40,"FEMALE","OWNED",1,"GOOD"
"1299",1299,29,"MALE","OWNED",0,"BAD"
"1300",1300,38,"FEMALE","RENT",1,"GOOD"
"1301",1301,44,"FEMALE","RENT",4,"BAD"
"1302",1302,33,"FEMALE","OWNED",3,"GOOD"
"1303",1303,33,"FEMALE","OWNED",2,"GOOD"
"1304",1304,35,"FEMALE","OTHERS",0,"GOOD"
"1305",1305,41,"FEMALE","RENT",2,"GOOD"
"1306",1306,30,"MALE","RENT",4,"BAD"
"1307",1307,34,"FEMALE","OWNED",3,"GOOD"
"1308",1308,32,"FEMALE","RENT",1,"GOOD"
"1309",1309,34,"MALE","OWNED",3,"BAD"
"1310",1310,28,"MALE","OWNED",1,"BAD"
"1311",1311,29,"MALE","PARENTS",1,"GOOD"
"1312",1312,45,"MALE","OWNED",4,"GOOD"
"1313",1313,38,"MALE","PARENTS",4,"BAD"
"1314",1314,22,"MALE","PARENTS",1,"BAD"
"1315",1315,34,"FEMALE","OTHERS",0,"GOOD"
"1316",1316,34,"MALE","OWNED",2,"GOOD"
"1317",1317,28,"MALE","OWNED",0,"GOOD"
"1318",1318,40,"FEMALE","RENT",4,"BAD"
"1319",1319,30,"MALE","PARENTS",3,"BAD"
"1320",1320,24,"FEMALE","PARENTS",0,"GOOD"
"1321",1321,29,"FEMALE","RENT",0,"GOOD"
"1322",1322,41,"FEMALE","RENT",1,"GOOD"
"1323",1323,32,"FEMALE","RENT",0,"BAD"
"1324",1324,30,"MALE","OWNED",4,"BAD"
"1325",1325,39,"MALE","OTHERS",1,"BAD"
"1326",1326,37,"FEMALE","RENT",0,"GOOD"
"1327",1327,44,"FEMALE","OWNED",0,"GOOD"
"1328",1328,31,"MALE","OWNED",0,"GOOD"
"1329",1329,38,"MALE","RENT",5,"BAD"
"1330",1330,48,"MALE","OWNED",2,"GOOD"
"1331",1331,36,"MALE","OTHERS",4,"BAD"
"1332",1332,30,"FEMALE","RENT",5,"GOOD"
"1333",1333,42,"FEMALE","OWNED",5,"GOOD"
"1334",1334,37,"MALE","OWNED",4,"BAD"
"1335",1335,30,"FEMALE","RENT",3,"BAD"
"1336",1336,31,"MALE","PARENTS",5,"BAD"
"1337",1337,34,"MALE","RENT",4,"BAD"
"1338",1338,30,"MALE","RENT",2,"BAD"
"1339",1339,30,"FEMALE","RENT",5,"BAD"
"1340",1340,36,"FEMALE","RENT",4,"GOOD"
"1341",1341,40,"MALE","RENT",2,"BAD"
"1342",1342,23,"FEMALE","PARENTS",0,"GOOD"
"1343",1343,39,"FEMALE","OWNED",5,"GOOD"
"1344",1344,40,"MALE","OWNED",1,"GOOD"
"1345",1345,44,"FEMALE","OWNED",3,"GOOD"
"1346",1346,32,"FEMALE","PARENTS",5,"GOOD"
"1347",1347,37,"MALE","RENT",0,"GOOD"
"1348",1348,35,"MALE","OTHERS",1,"BAD"
"1349",1349,44,"FEMALE","OTHERS",2,"GOOD"
"1350",1350,29,"FEMALE","OWNED",0,"GOOD"
"1351",1351,47,"MALE","RENT",2,"BAD"
"1352",1352,36,"MALE","OWNED",5,"BAD"
"1353",1353,24,"MALE","PARENTS",1,"BAD"
"1354",1354,42,"MALE","OWNED",1,"GOOD"
"1355",1355,39,"FEMALE","OWNED",2,"GOOD"
"1356",1356,46,"MALE","RENT",1,"GOOD"
"1357",1357,39,"MALE","OWNED",3,"GOOD"
"1358",1358,39,"MALE","RENT",2,"BAD"
"1359",1359,36,"FEMALE","RENT",4,"BAD"
"1360",1360,36,"MALE","OWNED",4,"GOOD"
"1361",1361,33,"MALE","OWNED",2,"BAD"
"1362",1362,31,"FEMALE","RENT",5,"BAD"
"1363",1363,30,"FEMALE","OWNED",3,"GOOD"
"1364",1364,39,"FEMALE","RENT",3,"BAD"
"1365",1365,38,"MALE","OWNED",1,"GOOD"
"1366",1366,29,"MALE","OWNED",1,"GOOD"
"1367",1367,47,"FEMALE","OWNED",5,"GOOD"
"1368",1368,36,"MALE","OWNED",2,"BAD"
"1369",1369,47,"MALE","OTHERS",4,"BAD"
"1370",1370,27,"MALE","OWNED",0,"GOOD"
"1371",1371,25,"MALE","OWNED",1,"BAD"
"1372",1372,31,"FEMALE","OWNED",3,"GOOD"
"1373",1373,39,"MALE","OWNED",3,"BAD"
"1374",1374,44,"FEMALE","OWNED",0,"GOOD"
"1375",1375,37,"MALE","OWNED",0,"GOOD"
"1376",1376,33,"FEMALE","OWNED",4,"BAD"
"1377",1377,29,"FEMALE","OWNED",1,"GOOD"
"1378",1378,35,"FEMALE","RENT",5,"BAD"
"1379",1379,34,"FEMALE","OWNED",1,"GOOD"
"1380",1380,22,"FEMALE","PARENTS",1,"BAD"
"1381",1381,32,"MALE","OWNED",4,"BAD"
"1382",1382,32,"MALE","OTHERS",5,"BAD"
"1383",1383,28,"FEMALE","OWNED",0,"GOOD"
"1384",1384,30,"FEMALE","OTHERS",0,"GOOD"
"1385",1385,32,"FEMALE","OTHERS",1,"BAD"
"1386",1386,28,"MALE","OWNED",0,"GOOD"
"1387",1387,40,"FEMALE","RENT",0,"GOOD"
"1388",1388,34,"MALE","OWNED",4,"GOOD"
"1389",1389,38,"FEMALE","OWNED",0,"GOOD"
"1390",1390,42,"MALE","OWNED",4,"BAD"
"1391",1391,39,"FEMALE","RENT",1,"GOOD"
"1392",1392,30,"MALE","OWNED",0,"GOOD"
"1393",1393,52,"MALE","RENT",1,"GOOD"
"1394",1394,30,"MALE","OWNED",0,"GOOD"
"1395",1395,30,"MALE","RENT",5,"BAD"
"1396",1396,34,"FEMALE","OWNED",0,"GOOD"
"1397",1397,37,"MALE","OWNED",4,"BAD"
"1398",1398,36,"FEMALE","OWNED",3,"GOOD"
"1399",1399,36,"FEMALE","OWNED",4,"BAD"
"1400",1400,36,"MALE","OWNED",3,"GOOD"
"1401",1401,26,"FEMALE","OWNED",1,"GOOD"
"1402",1402,37,"MALE","RENT",3,"BAD"
"1403",1403,28,"MALE","OWNED",0,"GOOD"
"1404",1404,38,"FEMALE","OWNED",2,"GOOD"
"1405",1405,29,"MALE","RENT",1,"BAD"
"1406",1406,33,"MALE","RENT",1,"BAD"
"1407",1407,34,"MALE","RENT",5,"BAD"
"1408",1408,30,"MALE","OWNED",2,"GOOD"
"1409",1409,36,"MALE","OWNED",2,"GOOD"
"1410",1410,36,"MALE","OWNED",4,"GOOD"
"1411",1411,31,"MALE","OWNED",3,"GOOD"
"1412",1412,33,"FEMALE","OWNED",1,"GOOD"
"1413",1413,30,"MALE","OWNED",4,"GOOD"
"1414",1414,38,"MALE","OWNED",2,"GOOD"
"1415",1415,33,"FEMALE","OWNED",5,"GOOD"
"1416",1416,42,"FEMALE","RENT",2,"GOOD"
"1417",1417,40,"MALE","OWNED",2,"GOOD"
"1418",1418,27,"FEMALE","RENT",1,"GOOD"
"1419",1419,35,"MALE","OWNED",3,"GOOD"
"1420",1420,43,"FEMALE","OWNED",1,"GOOD"
"1421",1421,44,"MALE","OWNED",4,"GOOD"
"1422",1422,40,"MALE","OWNED",1,"GOOD"
"1423",1423,31,"MALE","OWNED",0,"GOOD"
"1424",1424,41,"FEMALE","OWNED",0,"GOOD"
"1425",1425,42,"MALE","RENT",1,"BAD"
"1426",1426,35,"MALE","OWNED",2,"GOOD"
"1427",1427,27,"MALE","OTHERS",1,"BAD"
"1428",1428,36,"MALE","OWNED",5,"BAD"
"1429",1429,31,"MALE","RENT",0,"GOOD"
"1430",1430,43,"MALE","OWNED",0,"GOOD"
"1431",1431,30,"MALE","RENT",5,"BAD"
"1432",1432,37,"MALE","OWNED",0,"GOOD"
"1433",1433,42,"MALE","OWNED",3,"GOOD"
"1434",1434,32,"FEMALE","OWNED",0,"GOOD"
"1435",1435,28,"MALE","OWNED",1,"BAD"
"1436",1436,34,"FEMALE","RENT",4,"GOOD"
"1437",1437,45,"FEMALE","RENT",1,"GOOD"
"1438",1438,32,"FEMALE","RENT",4,"GOOD"
"1439",1439,29,"MALE","OWNED",1,"BAD"
"1440",1440,25,"MALE","OWNED",1,"GOOD"
"1441",1441,36,"MALE","RENT",4,"BAD"
"1442",1442,35,"MALE","OWNED",5,"GOOD"
"1443",1443,30,"FEMALE","OWNED",2,"GOOD"
"1444",1444,30,"MALE","OWNED",5,"GOOD"
"1445",1445,34,"MALE","OWNED",1,"GOOD"
"1446",1446,38,"FEMALE","RENT",1,"GOOD"
"1447",1447,25,"MALE","OWNED",0,"BAD"
"1448",1448,41,"MALE","RENT",3,"BAD"
"1449",1449,27,"MALE","RENT",0,"GOOD"
"1450",1450,25,"FEMALE","RENT",0,"BAD"
"1451",1451,23,"FEMALE","OWNED",0,"GOOD"
"1452",1452,22,"FEMALE","PARENTS",0,"GOOD"
"1453",1453,29,"MALE","OWNED",0,"GOOD"
"1454",1454,29,"MALE","RENT",0,"BAD"
"1455",1455,28,"MALE","OWNED",0,"GOOD"
"1456",1456,34,"FEMALE","OWNED",2,"GOOD"
"1457",1457,37,"FEMALE","RENT",2,"GOOD"
"1458",1458,36,"FEMALE","OWNED",2,"GOOD"
"1459",1459,34,"MALE","RENT",4,"BAD"
"1460",1460,31,"FEMALE","OWNED",5,"GOOD"
"1461",1461,39,"MALE","OWNED",1,"GOOD"
"1462",1462,37,"FEMALE","OWNED",2,"GOOD"
"1463",1463,35,"MALE","OWNED",2,"GOOD"
"1464",1464,28,"MALE","RENT",0,"BAD"
"1465",1465,41,"FEMALE","OWNED",2,"GOOD"
"1466",1466,33,"MALE","RENT",0,"GOOD"
"1467",1467,43,"MALE","OWNED",5,"BAD"
"1468",1468,40,"FEMALE","RENT",3,"BAD"
"1469",1469,40,"MALE","RENT",5,"BAD"
"1470",1470,41,"FEMALE","OWNED",3,"GOOD"
"1471",1471,42,"MALE","PARENTS",2,"BAD"
"1472",1472,33,"FEMALE","OWNED",5,"GOOD"
"1473",1473,32,"MALE","OWNED",2,"BAD"
"1474",1474,21,"FEMALE","PARENTS",1,"GOOD"
"1475",1475,46,"MALE","OTHERS",1,"GOOD"
"1476",1476,25,"FEMALE","OWNED",0,"GOOD"
"1477",1477,45,"MALE","OWNED",4,"GOOD"
"1478",1478,37,"FEMALE","RENT",5,"GOOD"
"1479",1479,36,"FEMALE","OWNED",1,"GOOD"
"1480",1480,42,"FEMALE","RENT",2,"GOOD"
"1481",1481,29,"FEMALE","RENT",0,"GOOD"
"1482",1482,38,"FEMALE","PARENTS",1,"GOOD"
"1483",1483,37,"MALE","PARENTS",2,"GOOD"
"1484",1484,37,"MALE","RENT",3,"BAD"
"1485",1485,26,"FEMALE","OWNED",1,"GOOD"
"1486",1486,42,"MALE","OWNED",5,"GOOD"
"1487",1487,41,"FEMALE","RENT",2,"BAD"
"1488",1488,38,"FEMALE","OTHERS",3,"GOOD"
"1489",1489,31,"MALE","RENT",0,"BAD"
"1490",1490,27,"FEMALE","OWNED",1,"GOOD"
"1491",1491,25,"FEMALE","OWNED",1,"GOOD"
"1492",1492,36,"FEMALE","RENT",1,"GOOD"
"1493",1493,30,"MALE","OWNED",2,"GOOD"
"1494",1494,36,"MALE","RENT",3,"GOOD"
"1495",1495,22,"FEMALE","PARENTS",0,"GOOD"
"1496",1496,49,"MALE","OWNED",0,"GOOD"
"1497",1497,42,"MALE","RENT",1,"BAD"
"1498",1498,34,"MALE","OTHERS",5,"BAD"
"1499",1499,45,"FEMALE","OWNED",3,"GOOD"
"1500",1500,35,"MALE","OWNED",4,"GOOD"
"1501",1501,30,"FEMALE","OWNED",5,"GOOD"
"1502",1502,22,"MALE","PARENTS",1,"GOOD"
"1503",1503,54,"MALE","OWNED",1,"GOOD"
"1504",1504,42,"MALE","OWNED",4,"GOOD"
"1505",1505,29,"MALE","OWNED",0,"GOOD"
"1506",1506,37,"MALE","OWNED",5,"BAD"
"1507",1507,38,"MALE","RENT",4,"BAD"
"1508",1508,34,"FEMALE","RENT",4,"BAD"
"1509",1509,42,"FEMALE","OWNED",1,"GOOD"
"1510",1510,33,"MALE","OTHERS",2,"GOOD"
"1511",1511,47,"MALE","OWNED",3,"GOOD"
"1512",1512,38,"MALE","OTHERS",4,"BAD"
"1513",1513,38,"MALE","OWNED",3,"GOOD"
"1514",1514,35,"MALE","OWNED",0,"GOOD"
"1515",1515,35,"FEMALE","RENT",5,"BAD"
"1516",1516,35,"MALE","RENT",2,"BAD"
"1517",1517,43,"MALE","OWNED",4,"GOOD"
"1518",1518,32,"FEMALE","OWNED",3,"GOOD"
"1519",1519,33,"MALE","OWNED",1,"BAD"
"1520",1520,33,"FEMALE","OWNED",4,"GOOD"
"1521",1521,36,"MALE","PARENTS",3,"BAD"
"1522",1522,26,"MALE","OWNED",1,"GOOD"
"1523",1523,36,"MALE","PARENTS",5,"BAD"
"1524",1524,45,"MALE","OWNED",0,"GOOD"
"1525",1525,30,"MALE","OWNED",3,"GOOD"
"1526",1526,44,"FEMALE","OWNED",5,"GOOD"
"1527",1527,33,"FEMALE","RENT",0,"GOOD"
"1528",1528,40,"FEMALE","RENT",1,"GOOD"
"1529",1529,33,"MALE","OWNED",4,"GOOD"
"1530",1530,31,"MALE","OTHERS",1,"GOOD"
"1531",1531,28,"MALE","OWNED",0,"BAD"
"1532",1532,34,"FEMALE","RENT",2,"GOOD"
"1533",1533,38,"FEMALE","OTHERS",5,"BAD"
"1534",1534,35,"FEMALE","RENT",0,"GOOD"
"1535",1535,39,"MALE","OWNED",0,"GOOD"
"1536",1536,35,"MALE","OWNED",2,"GOOD"
"1537",1537,28,"MALE","RENT",0,"BAD"
"1538",1538,28,"MALE","OWNED",1,"BAD"
"1539",1539,36,"FEMALE","RENT",0,"GOOD"
"1540",1540,42,"MALE","OWNED",5,"GOOD"
"1541",1541,24,"MALE","PARENTS",1,"BAD"
"1542",1542,25,"FEMALE","OWNED",0,"GOOD"
"1543",1543,35,"FEMALE","OWNED",5,"GOOD"
"1544",1544,30,"MALE","OWNED",3,"BAD"
"1545",1545,40,"FEMALE","OWNED",1,"GOOD"
"1546",1546,19,"FEMALE","PARENTS",0,"GOOD"
"1547",1547,23,"MALE","PARENTS",1,"BAD"
"1548",1548,35,"MALE","RENT",5,"BAD"
"1549",1549,36,"MALE","RENT",4,"BAD"
"1550",1550,43,"FEMALE","OWNED",5,"GOOD"
"1551",1551,22,"MALE","PARENTS",1,"BAD"
"1552",1552,40,"FEMALE","OWNED",0,"GOOD"
"1553",1553,33,"FEMALE","OWNED",1,"GOOD"
"1554",1554,40,"MALE","OTHERS",1,"BAD"
"1555",1555,32,"MALE","OWNED",4,"BAD"
"1556",1556,33,"MALE","OTHERS",4,"BAD"
"1557",1557,28,"MALE","RENT",1,"BAD"
"1558",1558,46,"MALE","OWNED",1,"GOOD"
"1559",1559,26,"MALE","PARENTS",1,"BAD"
"1560",1560,40,"FEMALE","OWNED",2,"GOOD"
"1561",1561,37,"MALE","RENT",3,"BAD"
"1562",1562,32,"MALE","OWNED",0,"GOOD"
"1563",1563,39,"MALE","RENT",3,"BAD"
"1564",1564,41,"MALE","OWNED",4,"BAD"
"1565",1565,27,"MALE","OWNED",0,"GOOD"
"1566",1566,36,"MALE","OWNED",1,"GOOD"
"1567",1567,34,"MALE","RENT",0,"BAD"
"1568",1568,32,"MALE","RENT",5,"BAD"
"1569",1569,39,"FEMALE","RENT",4,"GOOD"
"1570",1570,31,"MALE","OWNED",2,"GOOD"
"1571",1571,39,"MALE","OWNED",0,"GOOD"
"1572",1572,30,"FEMALE","OWNED",0,"GOOD"
"1573",1573,37,"MALE","RENT",5,"BAD"
"1574",1574,25,"MALE","OWNED",0,"GOOD"
"1575",1575,37,"MALE","OWNED",3,"GOOD"
"1576",1576,30,"MALE","OWNED",4,"BAD"
"1577",1577,32,"MALE","RENT",5,"BAD"
"1578",1578,30,"MALE","RENT",4,"BAD"
"1579",1579,31,"FEMALE","PARENTS",3,"GOOD"
"1580",1580,43,"MALE","RENT",5,"BAD"
"1581",1581,31,"FEMALE","RENT",3,"BAD"
"1582",1582,31,"MALE","RENT",1,"GOOD"
"1583",1583,42,"MALE","RENT",2,"BAD"
"1584",1584,30,"MALE","RENT",2,"BAD"
"1585",1585,45,"MALE","PARENTS",0,"GOOD"
"1586",1586,31,"MALE","OWNED",1,"GOOD"
"1587",1587,24,"MALE","RENT",0,"BAD"
"1588",1588,30,"MALE","RENT",1,"BAD"
"1589",1589,32,"FEMALE","RENT",3,"GOOD"
"1590",1590,24,"FEMALE","OWNED",0,"GOOD"
"1591",1591,29,"MALE","OWNED",0,"GOOD"
"1592",1592,41,"FEMALE","RENT",5,"BAD"
"1593",1593,31,"MALE","OWNED",0,"GOOD"
"1594",1594,31,"FEMALE","RENT",0,"GOOD"
"1595",1595,38,"FEMALE","OWNED",2,"GOOD"
"1596",1596,33,"MALE","RENT",4,"BAD"
"1597",1597,29,"FEMALE","OWNED",0,"GOOD"
"1598",1598,45,"MALE","RENT",5,"GOOD"
"1599",1599,38,"MALE","OWNED",0,"GOOD"
"1600",1600,30,"MALE","OWNED",5,"GOOD"
"1601",1601,36,"FEMALE","OWNED",4,"GOOD"
"1602",1602,32,"MALE","OTHERS",4,"BAD"
"1603",1603,35,"FEMALE","RENT",3,"GOOD"
"1604",1604,27,"MALE","RENT",0,"GOOD"
"1605",1605,35,"FEMALE","OWNED",4,"GOOD"
"1606",1606,33,"MALE","RENT",4,"BAD"
"1607",1607,41,"MALE","PARENTS",0,"GOOD"
"1608",1608,36,"MALE","OWNED",4,"GOOD"
"1609",1609,28,"FEMALE","RENT",0,"BAD"
"1610",1610,27,"MALE","RENT",0,"BAD"
"1611",1611,29,"MALE","RENT",1,"BAD"
"1612",1612,36,"MALE","OWNED",0,"GOOD"
"1613",1613,26,"FEMALE","OWNED",1,"GOOD"
"1614",1614,26,"FEMALE","RENT",1,"GOOD"
"1615",1615,36,"MALE","OWNED",5,"GOOD"
"1616",1616,35,"FEMALE","OTHERS",0,"GOOD"
"1617",1617,37,"MALE","RENT",2,"BAD"
"1618",1618,32,"FEMALE","RENT",4,"BAD"
"1619",1619,40,"MALE","OWNED",0,"GOOD"
"1620",1620,24,"FEMALE","PARENTS",0,"GOOD"
"1621",1621,37,"FEMALE","OWNED",3,"GOOD"
"1622",1622,32,"FEMALE","RENT",0,"GOOD"
"1623",1623,41,"MALE","OWNED",2,"GOOD"
"1624",1624,40,"FEMALE","RENT",3,"GOOD"
"1625",1625,36,"MALE","OWNED",5,"GOOD"
"1626",1626,36,"FEMALE","OWNED",4,"BAD"
"1627",1627,33,"FEMALE","OWNED",3,"GOOD"
"1628",1628,38,"FEMALE","OWNED",3,"GOOD"
"1629",1629,28,"FEMALE","PARENTS",1,"GOOD"
"1630",1630,36,"MALE","OWNED",5,"BAD"
"1631",1631,31,"FEMALE","OWNED",0,"GOOD"
"1632",1632,25,"MALE","OTHERS",1,"BAD"
"1633",1633,35,"MALE","OWNED",5,"GOOD"
"1634",1634,38,"MALE","OWNED",3,"GOOD"
"1635",1635,39,"MALE","OWNED",3,"GOOD"
"1636",1636,26,"MALE","OWNED",0,"GOOD"
"1637",1637,36,"FEMALE","OWNED",2,"GOOD"
"1638",1638,44,"FEMALE","OWNED",0,"GOOD"
"1639",1639,35,"MALE","RENT",0,"GOOD"
"1640",1640,29,"FEMALE","PARENTS",0,"GOOD"
"1641",1641,37,"MALE","OWNED",1,"GOOD"
"1642",1642,37,"MALE","RENT",3,"BAD"
"1643",1643,32,"FEMALE","PARENTS",0,"GOOD"
"1644",1644,35,"FEMALE","OWNED",0,"GOOD"
"1645",1645,39,"FEMALE","RENT",2,"GOOD"
"1646",1646,41,"MALE","OWNED",0,"GOOD"
"1647",1647,37,"FEMALE","OWNED",4,"BAD"
"1648",1648,38,"FEMALE","RENT",3,"GOOD"
"1649",1649,39,"MALE","OWNED",3,"GOOD"
"1650",1650,33,"MALE","RENT",5,"BAD"
"1651",1651,31,"FEMALE","OWNED",2,"GOOD"
"1652",1652,31,"MALE","OWNED",5,"GOOD"
"1653",1653,33,"MALE","OTHERS",2,"BAD"
"1654",1654,38,"FEMALE","OWNED",2,"GOOD"
"1655",1655,34,"MALE","PARENTS",5,"BAD"
"1656",1656,24,"MALE","PARENTS",1,"GOOD"
"1657",1657,41,"MALE","OWNED",4,"BAD"
"1658",1658,35,"FEMALE","PARENTS",0,"GOOD"
"1659",1659,29,"FEMALE","RENT",0,"BAD"
"1660",1660,42,"FEMALE","OWNED",1,"GOOD"
"1661",1661,31,"MALE","OWNED",1,"GOOD"
"1662",1662,40,"FEMALE","OWNED",3,"GOOD"
"1663",1663,34,"FEMALE","OWNED",2,"GOOD"
"1664",1664,46,"FEMALE","OWNED",2,"GOOD"
"1665",1665,42,"FEMALE","OWNED",3,"GOOD"
"1666",1666,32,"MALE","RENT",3,"BAD"
"1667",1667,33,"MALE","OWNED",4,"BAD"
"1668",1668,41,"MALE","OWNED",1,"GOOD"
"1669",1669,47,"FEMALE","OWNED",4,"GOOD"
"1670",1670,32,"MALE","OWNED",5,"GOOD"
"1671",1671,36,"FEMALE","OWNED",2,"GOOD"
"1672",1672,30,"MALE","OWNED",0,"GOOD"
"1673",1673,33,"MALE","OWNED",1,"GOOD"
"1674",1674,37,"MALE","OTHERS",5,"GOOD"
"1675",1675,37,"MALE","PARENTS",5,"BAD"
"1676",1676,37,"FEMALE","OWNED",3,"GOOD"
"1677",1677,35,"FEMALE","OTHERS",0,"GOOD"
"1678",1678,32,"FEMALE","OWNED",1,"GOOD"
"1679",1679,29,"MALE","OWNED",1,"BAD"
"1680",1680,27,"FEMALE","OWNED",0,"GOOD"
"1681",1681,39,"MALE","OWNED",0,"GOOD"
"1682",1682,31,"MALE","RENT",2,"BAD"
"1683",1683,34,"MALE","PARENTS",4,"BAD"
"1684",1684,30,"FEMALE","RENT",0,"GOOD"
"1685",1685,38,"FEMALE","OWNED",2,"GOOD"
"1686",1686,20,"MALE","PARENTS",1,"BAD"
"1687",1687,27,"MALE","OWNED",1,"GOOD"
"1688",1688,31,"MALE","OWNED",1,"GOOD"
"1689",1689,33,"FEMALE","OTHERS",4,"BAD"
"1690",1690,39,"MALE","RENT",1,"GOOD"
"1691",1691,29,"MALE","RENT",1,"BAD"
"1692",1692,36,"MALE","OWNED",0,"GOOD"
"1693",1693,36,"MALE","OWNED",1,"GOOD"
"1694",1694,41,"MALE","OWNED",2,"GOOD"
"1695",1695,48,"MALE","RENT",0,"BAD"
"1696",1696,36,"MALE","OWNED",4,"BAD"
"1697",1697,36,"FEMALE","OWNED",3,"GOOD"
"1698",1698,45,"MALE","OWNED",1,"GOOD"
"1699",1699,44,"FEMALE","OTHERS",1,"GOOD"
"1700",1700,32,"FEMALE","OWNED",2,"GOOD"
"1701",1701,34,"FEMALE","OWNED",3,"GOOD"
"1702",1702,35,"MALE","RENT",4,"BAD"
"1703",1703,31,"FEMALE","PARENTS",4,"BAD"
"1704",1704,31,"FEMALE","OWNED",5,"GOOD"
"1705",1705,34,"FEMALE","OTHERS",2,"GOOD"
"1706",1706,35,"FEMALE","RENT",4,"BAD"
"1707",1707,22,"MALE","PARENTS",0,"GOOD"
"1708",1708,34,"FEMALE","RENT",2,"GOOD"
"1709",1709,29,"FEMALE","OWNED",0,"GOOD"
"1710",1710,37,"FEMALE","RENT",0,"GOOD"
"1711",1711,37,"MALE","OWNED",5,"BAD"
"1712",1712,32,"MALE","OWNED",4,"BAD"
"1713",1713,28,"FEMALE","RENT",0,"GOOD"
"1714",1714,30,"FEMALE","OWNED",4,"GOOD"
"1715",1715,38,"FEMALE","OWNED",0,"GOOD"
"1716",1716,40,"FEMALE","PARENTS",3,"GOOD"
"1717",1717,35,"MALE","OWNED",5,"GOOD"
"1718",1718,27,"FEMALE","RENT",1,"GOOD"
"1719",1719,53,"FEMALE","OWNED",3,"GOOD"
"1720",1720,37,"MALE","OWNED",4,"BAD"
"1721",1721,36,"FEMALE","OWNED",4,"GOOD"
"1722",1722,37,"FEMALE","OWNED",0,"GOOD"
"1723",1723,42,"MALE","OWNED",5,"GOOD"
"1724",1724,38,"MALE","OWNED",1,"GOOD"
"1725",1725,22,"FEMALE","OWNED",0,"GOOD"
"1726",1726,28,"MALE","RENT",1,"BAD"
"1727",1727,36,"FEMALE","RENT",2,"GOOD"
"1728",1728,39,"MALE","OTHERS",4,"BAD"
"1729",1729,36,"FEMALE","PARENTS",0,"GOOD"
"1730",1730,16,"MALE","PARENTS",1,"BAD"
"1731",1731,32,"FEMALE","OWNED",1,"GOOD"
"1732",1732,31,"MALE","RENT",3,"BAD"
"1733",1733,49,"MALE","OWNED",0,"GOOD"
"1734",1734,29,"FEMALE","RENT",1,"BAD"
"1735",1735,32,"FEMALE","RENT",1,"GOOD"
"1736",1736,37,"MALE","RENT",1,"GOOD"
"1737",1737,36,"FEMALE","OWNED",3,"GOOD"
"1738",1738,42,"MALE","OWNED",3,"GOOD"
"1739",1739,38,"MALE","OTHERS",5,"BAD"
"1740",1740,41,"MALE","OWNED",4,"BAD"
"1741",1741,38,"MALE","OWNED",0,"GOOD"
"1742",1742,32,"MALE","OWNED",0,"GOOD"
"1743",1743,43,"FEMALE","OWNED",1,"GOOD"
"1744",1744,44,"MALE","OWNED",1,"GOOD"
"1745",1745,41,"MALE","PARENTS",4,"BAD"
"1746",1746,42,"MALE","RENT",5,"BAD"
"1747",1747,43,"MALE","RENT",5,"BAD"
"1748",1748,32,"MALE","RENT",0,"BAD"
"1749",1749,32,"MALE","PARENTS",2,"GOOD"
"1750",1750,17,"MALE","PARENTS",0,"BAD"
"1751",1751,30,"FEMALE","RENT",2,"GOOD"
"1752",1752,45,"MALE","OTHERS",2,"BAD"
"1753",1753,44,"MALE","RENT",3,"BAD"
"1754",1754,39,"MALE","OWNED",5,"GOOD"
"1755",1755,33,"FEMALE","OWNED",4,"GOOD"
"1756",1756,40,"MALE","PARENTS",3,"GOOD"
"1757",1757,38,"MALE","OTHERS",3,"BAD"
"1758",1758,25,"MALE","RENT",0,"BAD"
"1759",1759,33,"MALE","OWNED",2,"BAD"
"1760",1760,30,"FEMALE","OWNED",1,"GOOD"
"1761",1761,44,"FEMALE","OWNED",5,"GOOD"
"1762",1762,26,"MALE","OWNED",0,"GOOD"
"1763",1763,51,"FEMALE","OWNED",2,"GOOD"
"1764",1764,59,"MALE","RENT",2,"GOOD"
"1765",1765,39,"MALE","OWNED",2,"GOOD"
"1766",1766,23,"FEMALE","PARENTS",0,"GOOD"
"1767",1767,30,"FEMALE","OWNED",4,"GOOD"
"1768",1768,43,"MALE","OTHERS",1,"GOOD"
"1769",1769,39,"FEMALE","OWNED",5,"GOOD"
"1770",1770,35,"MALE","OWNED",2,"GOOD"
"1771",1771,35,"MALE","RENT",2,"BAD"
"1772",1772,37,"MALE","RENT",3,"BAD"
"1773",1773,47,"MALE","OWNED",1,"GOOD"
"1774",1774,37,"MALE","OWNED",4,"GOOD"
"1775",1775,45,"MALE","OTHERS",2,"BAD"
"1776",1776,28,"FEMALE","OWNED",1,"GOOD"
"1777",1777,39,"FEMALE","OWNED",1,"GOOD"
"1778",1778,33,"MALE","RENT",5,"BAD"
"1779",1779,30,"FEMALE","OWNED",5,"GOOD"
"1780",1780,33,"MALE","RENT",1,"BAD"
"1781",1781,41,"MALE","OWNED",1,"GOOD"
"1782",1782,34,"FEMALE","OWNED",3,"GOOD"
"1783",1783,30,"FEMALE","RENT",5,"BAD"
"1784",1784,25,"MALE","RENT",1,"BAD"
"1785",1785,23,"MALE","OWNED",1,"GOOD"
"1786",1786,26,"MALE","OWNED",1,"GOOD"
"1787",1787,44,"MALE","OWNED",5,"BAD"
"1788",1788,30,"FEMALE","RENT",0,"GOOD"
"1789",1789,23,"FEMALE","PARENTS",1,"GOOD"
"1790",1790,28,"MALE","OWNED",0,"GOOD"
"1791",1791,25,"MALE","OWNED",1,"GOOD"
"1792",1792,26,"FEMALE","OWNED",0,"GOOD"
"1793",1793,32,"MALE","OWNED",3,"GOOD"
"1794",1794,40,"FEMALE","OWNED",2,"GOOD"
"1795",1795,43,"MALE","OWNED",1,"GOOD"
"1796",1796,41,"FEMALE","OWNED",5,"GOOD"
"1797",1797,31,"FEMALE","OWNED",4,"GOOD"
"1798",1798,37,"MALE","OWNED",0,"GOOD"
"1799",1799,40,"MALE","OWNED",3,"GOOD"
"1800",1800,48,"FEMALE","RENT",5,"GOOD"
"1801",1801,33,"MALE","RENT",4,"BAD"
"1802",1802,38,"MALE","OWNED",2,"GOOD"
"1803",1803,40,"MALE","OWNED",1,"GOOD"
"1804",1804,41,"MALE","OWNED",5,"GOOD"
"1805",1805,26,"FEMALE","OWNED",1,"GOOD"
"1806",1806,46,"MALE","OWNED",4,"BAD"
"1807",1807,40,"MALE","OWNED",4,"BAD"
"1808",1808,29,"MALE","RENT",0,"BAD"
"1809",1809,40,"FEMALE","OWNED",2,"GOOD"
"1810",1810,30,"MALE","OWNED",3,"GOOD"
"1811",1811,37,"MALE","OWNED",3,"GOOD"
"1812",1812,39,"FEMALE","OWNED",5,"GOOD"
"1813",1813,38,"FEMALE","RENT",1,"BAD"
"1814",1814,51,"MALE","OWNED",0,"GOOD"
"1815",1815,30,"MALE","RENT",0,"GOOD"
"1816",1816,41,"FEMALE","RENT",2,"GOOD"
"1817",1817,42,"FEMALE","OWNED",0,"GOOD"
"1818",1818,39,"MALE","OWNED",4,"BAD"
"1819",1819,29,"FEMALE","RENT",1,"GOOD"
"1820",1820,37,"FEMALE","OWNED",5,"GOOD"
"1821",1821,40,"FEMALE","OTHERS",3,"BAD"
"1822",1822,38,"FEMALE","OWNED",0,"GOOD"
"1823",1823,32,"MALE","RENT",5,"BAD"
"1824",1824,33,"FEMALE","OWNED",3,"GOOD"
"1825",1825,39,"MALE","OWNED",2,"GOOD"
"1826",1826,29,"FEMALE","RENT",1,"BAD"
"1827",1827,41,"FEMALE","OWNED",3,"GOOD"
"1828",1828,48,"MALE","OWNED",1,"GOOD"
"1829",1829,42,"FEMALE","OWNED",3,"GOOD"
"1830",1830,34,"MALE","OWNED",3,"GOOD"
"1831",1831,33,"MALE","RENT",0,"BAD"
"1832",1832,40,"MALE","PARENTS",5,"BAD"
"1833",1833,46,"FEMALE","OTHERS",1,"GOOD"
"1834",1834,35,"MALE","OWNED",5,"BAD"
"1835",1835,48,"MALE","OWNED",1,"GOOD"
"1836",1836,27,"FEMALE","RENT",1,"BAD"
"1837",1837,40,"FEMALE","OWNED",4,"GOOD"
"1838",1838,30,"MALE","OWNED",3,"GOOD"
"1839",1839,27,"MALE","OTHERS",1,"BAD"
"1840",1840,33,"FEMALE","OWNED",0,"GOOD"
"1841",1841,30,"MALE","OWNED",0,"GOOD"
"1842",1842,32,"FEMALE","OWNED",1,"GOOD"
"1843",1843,35,"MALE","RENT",3,"BAD"
"1844",1844,44,"FEMALE","RENT",1,"BAD"
"1845",1845,34,"MALE","OWNED",5,"BAD"
"1846",1846,31,"FEMALE","OWNED",2,"GOOD"
"1847",1847,33,"FEMALE","OWNED",2,"GOOD"
"1848",1848,44,"MALE","RENT",3,"GOOD"
"1849",1849,29,"FEMALE","OWNED",0,"GOOD"
"1850",1850,27,"MALE","OWNED",0,"GOOD"
"1851",1851,39,"MALE","RENT",4,"BAD"
"1852",1852,36,"MALE","OWNED",1,"GOOD"
"1853",1853,32,"FEMALE","RENT",3,"GOOD"
"1854",1854,33,"FEMALE","OWNED",0,"GOOD"
"1855",1855,39,"FEMALE","OTHERS",3,"GOOD"
"1856",1856,32,"MALE","RENT",0,"BAD"
"1857",1857,26,"MALE","OWNED",0,"GOOD"
"1858",1858,34,"MALE","OWNED",3,"GOOD"
"1859",1859,24,"MALE","PARENTS",0,"BAD"
"1860",1860,43,"FEMALE","RENT",1,"GOOD"
"1861",1861,34,"MALE","RENT",4,"BAD"
"1862",1862,39,"MALE","OWNED",2,"GOOD"
"1863",1863,28,"FEMALE","RENT",1,"GOOD"
"1864",1864,44,"FEMALE","RENT",1,"GOOD"
"1865",1865,20,"FEMALE","OWNED",0,"GOOD"
"1866",1866,38,"MALE","RENT",2,"BAD"
"1867",1867,42,"FEMALE","OWNED",5,"GOOD"
"1868",1868,35,"MALE","RENT",0,"BAD"
"1869",1869,35,"FEMALE","RENT",0,"GOOD"
"1870",1870,20,"MALE","RENT",1,"GOOD"
"1871",1871,28,"MALE","OWNED",0,"GOOD"
"1872",1872,37,"MALE","OWNED",2,"GOOD"
"1873",1873,34,"MALE","OTHERS",2,"GOOD"
"1874",1874,24,"MALE","PARENTS",1,"BAD"
"1875",1875,36,"FEMALE","RENT",5,"BAD"
"1876",1876,40,"FEMALE","RENT",0,"GOOD"
"1877",1877,31,"FEMALE","RENT",2,"BAD"
"1878",1878,37,"MALE","OWNED",2,"GOOD"
"1879",1879,37,"MALE","OTHERS",2,"GOOD"
"1880",1880,28,"FEMALE","OWNED",0,"GOOD"
"1881",1881,32,"MALE","RENT",4,"BAD"
"1882",1882,33,"MALE","OTHERS",0,"GOOD"
"1883",1883,35,"MALE","OTHERS",4,"BAD"
"1884",1884,42,"MALE","OTHERS",4,"BAD"
"1885",1885,33,"MALE","OWNED",0,"GOOD"
"1886",1886,28,"FEMALE","OWNED",0,"GOOD"
"1887",1887,38,"MALE","OWNED",1,"GOOD"
"1888",1888,32,"MALE","OTHERS",0,"GOOD"
"1889",1889,42,"FEMALE","RENT",1,"BAD"
"1890",1890,32,"MALE","OWNED",0,"GOOD"
"1891",1891,42,"MALE","OWNED",4,"GOOD"
"1892",1892,46,"FEMALE","OWNED",5,"GOOD"
"1893",1893,28,"MALE","OWNED",0,"BAD"
"1894",1894,31,"MALE","RENT",2,"GOOD"
"1895",1895,37,"MALE","OWNED",2,"GOOD"
"1896",1896,28,"MALE","RENT",0,"BAD"
"1897",1897,35,"FEMALE","OWNED",1,"GOOD"
"1898",1898,34,"MALE","PARENTS",2,"BAD"
"1899",1899,42,"MALE","RENT",5,"BAD"
"1900",1900,35,"MALE","RENT",0,"GOOD"
"1901",1901,34,"MALE","PARENTS",2,"BAD"
"1902",1902,33,"MALE","OWNED",0,"GOOD"
"1903",1903,33,"MALE","RENT",3,"BAD"
"1904",1904,34,"FEMALE","OWNED",0,"GOOD"
"1905",1905,29,"FEMALE","RENT",0,"GOOD"
"1906",1906,39,"MALE","RENT",4,"BAD"
"1907",1907,35,"MALE","OWNED",1,"GOOD"
"1908",1908,40,"FEMALE","OWNED",5,"GOOD"
"1909",1909,32,"FEMALE","OWNED",4,"BAD"
"1910",1910,38,"MALE","RENT",5,"BAD"
"1911",1911,32,"MALE","RENT",0,"GOOD"
"1912",1912,32,"MALE","OTHERS",2,"GOOD"
"1913",1913,37,"MALE","OWNED",0,"GOOD"
"1914",1914,33,"MALE","PARENTS",2,"GOOD"
"1915",1915,29,"MALE","RENT",1,"BAD"
"1916",1916,46,"MALE","OWNED",2,"GOOD"
"1917",1917,32,"MALE","OWNED",1,"GOOD"
"1918",1918,39,"MALE","OWNED",5,"GOOD"
"1919",1919,35,"MALE","OWNED",4,"GOOD"
"1920",1920,41,"FEMALE","OWNED",0,"GOOD"
"1921",1921,28,"FEMALE","RENT",1,"BAD"
"1922",1922,35,"MALE","RENT",1,"BAD"
"1923",1923,39,"MALE","OWNED",0,"GOOD"
"1924",1924,35,"MALE","OWNED",0,"GOOD"
"1925",1925,39,"MALE","OWNED",4,"BAD"
"1926",1926,41,"MALE","OWNED",3,"GOOD"
"1927",1927,32,"FEMALE","OWNED",0,"GOOD"
"1928",1928,37,"MALE","OWNED",3,"GOOD"
"1929",1929,34,"MALE","RENT",2,"GOOD"
"1930",1930,25,"FEMALE","OWNED",1,"GOOD"
"1931",1931,28,"MALE","OTHERS",1,"BAD"
"1932",1932,28,"FEMALE","OWNED",0,"GOOD"
"1933",1933,36,"MALE","OWNED",3,"GOOD"
"1934",1934,44,"FEMALE","RENT",5,"BAD"
"1935",1935,26,"FEMALE","OWNED",0,"GOOD"
"1936",1936,38,"MALE","RENT",5,"BAD"
"1937",1937,39,"MALE","OTHERS",4,"BAD"
"1938",1938,35,"MALE","RENT",3,"BAD"
"1939",1939,35,"FEMALE","OWNED",0,"GOOD"
"1940",1940,42,"FEMALE","RENT",5,"BAD"
"1941",1941,48,"MALE","OWNED",3,"GOOD"
"1942",1942,36,"MALE","RENT",5,"BAD"
"1943",1943,34,"FEMALE","RENT",3,"GOOD"
"1944",1944,40,"FEMALE","OWNED",5,"GOOD"
"1945",1945,37,"MALE","RENT",1,"BAD"
"1946",1946,20,"MALE","PARENTS",0,"BAD"
"1947",1947,37,"FEMALE","RENT",0,"GOOD"
"1948",1948,34,"MALE","OWNED",1,"GOOD"
"1949",1949,32,"MALE","RENT",5,"BAD"
"1950",1950,35,"MALE","OWNED",3,"BAD"
"1951",1951,36,"FEMALE","PARENTS",0,"GOOD"
"1952",1952,31,"FEMALE","PARENTS",2,"GOOD"
"1953",1953,39,"FEMALE","OWNED",3,"GOOD"
"1954",1954,35,"FEMALE","OWNED",2,"GOOD"
"1955",1955,40,"FEMALE","OWNED",5,"BAD"
"1956",1956,42,"FEMALE","OTHERS",5,"BAD"
"1957",1957,34,"MALE","OWNED",2,"GOOD"
"1958",1958,35,"FEMALE","OWNED",4,"GOOD"
"1959",1959,35,"MALE","OWNED",3,"GOOD"
"1960",1960,36,"FEMALE","OTHERS",4,"GOOD"
"1961",1961,36,"MALE","OWNED",5,"BAD"
"1962",1962,40,"MALE","RENT",4,"BAD"
"1963",1963,37,"FEMALE","OWNED",2,"GOOD"
"1964",1964,37,"MALE","OWNED",5,"BAD"
"1965",1965,34,"FEMALE","OWNED",5,"GOOD"
"1966",1966,33,"FEMALE","RENT",5,"GOOD"
"1967",1967,40,"FEMALE","OWNED",1,"GOOD"
"1968",1968,41,"MALE","OWNED",1,"GOOD"
"1969",1969,27,"MALE","OWNED",1,"GOOD"
"1970",1970,38,"FEMALE","OWNED",1,"GOOD"
"1971",1971,37,"MALE","OTHERS",4,"BAD"
"1972",1972,42,"FEMALE","OWNED",4,"GOOD"
"1973",1973,45,"MALE","OWNED",3,"BAD"
"1974",1974,34,"MALE","OWNED",1,"GOOD"
"1975",1975,26,"MALE","OWNED",1,"BAD"
"1976",1976,37,"MALE","PARENTS",5,"BAD"
"1977",1977,21,"MALE","PARENTS",1,"BAD"
"1978",1978,47,"MALE","OWNED",2,"GOOD"
"1979",1979,31,"MALE","OWNED",0,"GOOD"
"1980",1980,44,"FEMALE","OWNED",3,"GOOD"
"1981",1981,36,"MALE","RENT",4,"BAD"
"1982",1982,31,"MALE","RENT",1,"GOOD"
"1983",1983,37,"FEMALE","RENT",0,"GOOD"
"1984",1984,33,"MALE","OTHERS",1,"GOOD"
"1985",1985,34,"MALE","RENT",3,"BAD"
"1986",1986,39,"MALE","RENT",0,"BAD"
"1987",1987,28,"MALE","OWNED",0,"GOOD"
"1988",1988,36,"FEMALE","OWNED",5,"GOOD"
"1989",1989,41,"MALE","OWNED",0,"GOOD"
"1990",1990,43,"MALE","OWNED",0,"GOOD"
"1991",1991,52,"FEMALE","OWNED",0,"GOOD"
"1992",1992,30,"FEMALE","OWNED",4,"GOOD"
"1993",1993,42,"FEMALE","OWNED",2,"GOOD"
"1994",1994,39,"FEMALE","OWNED",4,"GOOD"
"1995",1995,40,"MALE","OTHERS",2,"BAD"
"1996",1996,34,"MALE","OWNED",3,"BAD"
"1997",1997,32,"FEMALE","RENT",4,"GOOD"
"1998",1998,34,"MALE","OWNED",3,"GOOD"
"1999",1999,41,"MALE","OWNED",4,"BAD"
"2000",2000,35,"MALE","RENT",5,"BAD"
"2001",2001,34,"FEMALE","OWNED",1,"GOOD"
"2002",2002,39,"MALE","RENT",0,"BAD"
"2003",2003,37,"FEMALE","RENT",2,"GOOD"
"2004",2004,41,"MALE","OWNED",0,"GOOD"
"2005",2005,28,"FEMALE","RENT",1,"BAD"
"2006",2006,30,"FEMALE","OWNED",3,"GOOD"
"2007",2007,40,"MALE","OWNED",0,"GOOD"
"2008",2008,30,"MALE","RENT",4,"BAD"
"2009",2009,29,"FEMALE","OWNED",0,"GOOD"
"2010",2010,27,"MALE","OWNED",0,"GOOD"
"2011",2011,33,"MALE","RENT",2,"GOOD"
"2012",2012,35,"FEMALE","OWNED",0,"GOOD"
"2013",2013,26,"FEMALE","OWNED",1,"GOOD"
"2014",2014,30,"FEMALE","PARENTS",1,"GOOD"
"2015",2015,39,"MALE","OWNED",3,"BAD"
"2016",2016,33,"MALE","RENT",5,"BAD"
"2017",2017,32,"FEMALE","RENT",5,"BAD"
"2018",2018,29,"FEMALE","OTHERS",0,"GOOD"
"2019",2019,40,"MALE","RENT",2,"GOOD"
"2020",2020,45,"MALE","RENT",0,"GOOD"
"2021",2021,35,"FEMALE","OWNED",5,"GOOD"
"2022",2022,31,"FEMALE","OWNED",3,"GOOD"
"2023",2023,27,"MALE","RENT",1,"BAD"
"2024",2024,34,"MALE","RENT",2,"BAD"
"2025",2025,41,"FEMALE","OWNED",3,"GOOD"
"2026",2026,20,"FEMALE","PARENTS",1,"GOOD"
"2027",2027,45,"FEMALE","OTHERS",4,"BAD"
"2028",2028,34,"FEMALE","RENT",5,"BAD"
"2029",2029,35,"MALE","OWNED",3,"GOOD"
"2030",2030,33,"MALE","OWNED",0,"GOOD"
"2031",2031,40,"MALE","RENT",1,"GOOD"
"2032",2032,47,"FEMALE","OWNED",5,"GOOD"
"2033",2033,31,"MALE","PARENTS",1,"GOOD"
"2034",2034,37,"FEMALE","RENT",3,"BAD"
"2035",2035,35,"FEMALE","PARENTS",0,"GOOD"
"2036",2036,35,"MALE","RENT",4,"BAD"
"2037",2037,32,"MALE","RENT",3,"BAD"
"2038",2038,43,"FEMALE","RENT",1,"GOOD"
"2039",2039,41,"FEMALE","OWNED",3,"GOOD"
"2040",2040,25,"MALE","OWNED",0,"GOOD"
"2041",2041,31,"FEMALE","RENT",5,"BAD"
"2042",2042,37,"MALE","OTHERS",5,"BAD"
"2043",2043,30,"FEMALE","OTHERS",5,"GOOD"
"2044",2044,44,"MALE","OWNED",0,"GOOD"
"2045",2045,44,"MALE","OWNED",1,"GOOD"
"2046",2046,42,"MALE","OWNED",3,"GOOD"
"2047",2047,35,"MALE","OWNED",5,"BAD"
"2048",2048,34,"FEMALE","OTHERS",0,"GOOD"
"2049",2049,44,"FEMALE","OWNED",0,"GOOD"
"2050",2050,35,"MALE","OWNED",4,"GOOD"
"2051",2051,30,"MALE","OWNED",4,"BAD"
"2052",2052,36,"MALE","RENT",2,"BAD"
"2053",2053,45,"MALE","OWNED",3,"GOOD"
"2054",2054,29,"FEMALE","OTHERS",0,"GOOD"
"2055",2055,43,"MALE","OWNED",3,"BAD"
"2056",2056,36,"FEMALE","OWNED",3,"GOOD"
"2057",2057,32,"FEMALE","RENT",3,"BAD"
"2058",2058,41,"MALE","OWNED",2,"GOOD"
"2059",2059,31,"MALE","RENT",1,"BAD"
"2060",2060,33,"MALE","RENT",0,"GOOD"
"2061",2061,40,"FEMALE","RENT",3,"BAD"
"2062",2062,29,"MALE","RENT",0,"BAD"
"2063",2063,35,"FEMALE","OWNED",3,"GOOD"
"2064",2064,31,"MALE","OWNED",2,"GOOD"
"2065",2065,46,"MALE","OTHERS",3,"BAD"
"2066",2066,36,"FEMALE","OTHERS",3,"BAD"
"2067",2067,37,"MALE","OWNED",1,"GOOD"
"2068",2068,25,"MALE","OWNED",0,"BAD"
"2069",2069,28,"MALE","OWNED",0,"GOOD"
"2070",2070,40,"FEMALE","OWNED",3,"GOOD"
"2071",2071,31,"MALE","OWNED",0,"GOOD"
"2072",2072,31,"FEMALE","RENT",4,"BAD"
"2073",2073,39,"FEMALE","RENT",4,"GOOD"
"2074",2074,25,"MALE","OWNED",1,"GOOD"
"2075",2075,37,"MALE","PARENTS",2,"GOOD"
"2076",2076,37,"MALE","OTHERS",1,"GOOD"
"2077",2077,37,"FEMALE","OWNED",3,"GOOD"
"2078",2078,35,"MALE","OWNED",1,"GOOD"
"2079",2079,47,"FEMALE","OWNED",4,"GOOD"
"2080",2080,37,"MALE","RENT",0,"GOOD"
"2081",2081,39,"FEMALE","OWNED",3,"GOOD"
"2082",2082,32,"FEMALE","OTHERS",4,"BAD"
"2083",2083,26,"MALE","OWNED",0,"GOOD"
"2084",2084,43,"MALE","RENT",0,"GOOD"
"2085",2085,39,"FEMALE","RENT",5,"GOOD"
"2086",2086,31,"MALE","OWNED",0,"GOOD"
"2087",2087,32,"FEMALE","RENT",4,"BAD"
"2088",2088,33,"FEMALE","OWNED",5,"BAD"
"2089",2089,33,"MALE","OWNED",3,"BAD"
"2090",2090,31,"FEMALE","RENT",3,"GOOD"
"2091",2091,43,"FEMALE","OWNED",0,"GOOD"
"2092",2092,48,"FEMALE","OWNED",3,"GOOD"
"2093",2093,36,"FEMALE","PARENTS",1,"GOOD"
"2094",2094,40,"MALE","OTHERS",5,"BAD"
"2095",2095,30,"MALE","OWNED",4,"BAD"
"2096",2096,30,"MALE","RENT",5,"BAD"
"2097",2097,38,"FEMALE","OWNED",0,"GOOD"
"2098",2098,36,"MALE","OWNED",1,"GOOD"
"2099",2099,27,"MALE","OWNED",0,"GOOD"
"2100",2100,33,"MALE","OWNED",1,"GOOD"
"2101",2101,34,"MALE","PARENTS",4,"BAD"
"2102",2102,35,"MALE","OWNED",4,"BAD"
"2103",2103,31,"MALE","RENT",5,"BAD"
"2104",2104,39,"MALE","OWNED",1,"GOOD"
"2105",2105,36,"MALE","OWNED",3,"BAD"
"2106",2106,30,"FEMALE","RENT",5,"BAD"
"2107",2107,34,"FEMALE","OWNED",4,"GOOD"
"2108",2108,36,"FEMALE","RENT",4,"BAD"
"2109",2109,45,"FEMALE","RENT",3,"GOOD"
"2110",2110,40,"MALE","OWNED",0,"GOOD"
"2111",2111,29,"MALE","RENT",1,"BAD"
"2112",2112,32,"FEMALE","OWNED",4,"GOOD"
"2113",2113,43,"MALE","RENT",4,"BAD"
"2114",2114,33,"MALE","OWNED",0,"GOOD"
"2115",2115,37,"FEMALE","RENT",1,"GOOD"
"2116",2116,35,"MALE","OTHERS",1,"BAD"
"2117",2117,20,"MALE","RENT",1,"BAD"
"2118",2118,26,"MALE","OWNED",1,"GOOD"
"2119",2119,38,"MALE","OWNED",3,"GOOD"
"2120",2120,37,"FEMALE","OWNED",0,"GOOD"
"2121",2121,33,"MALE","OWNED",2,"GOOD"
"2122",2122,31,"MALE","OWNED",4,"GOOD"
"2123",2123,30,"MALE","OWNED",2,"GOOD"
"2124",2124,34,"MALE","OWNED",4,"GOOD"
"2125",2125,34,"FEMALE","RENT",3,"GOOD"
"2126",2126,40,"FEMALE","RENT",0,"GOOD"
"2127",2127,27,"FEMALE","OWNED",0,"GOOD"
"2128",2128,24,"FEMALE","PARENTS",0,"GOOD"
"2129",2129,24,"MALE","PARENTS",0,"BAD"
"2130",2130,28,"FEMALE","RENT",0,"GOOD"
"2131",2131,41,"MALE","OWNED",4,"BAD"
"2132",2132,43,"FEMALE","RENT",4,"BAD"
"2133",2133,36,"MALE","RENT",3,"BAD"
"2134",2134,36,"MALE","OWNED",4,"BAD"
"2135",2135,26,"FEMALE","RENT",0,"GOOD"
"2136",2136,42,"MALE","RENT",2,"BAD"
"2137",2137,34,"MALE","OWNED",2,"GOOD"
"2138",2138,28,"FEMALE","OWNED",0,"GOOD"
"2139",2139,34,"FEMALE","OWNED",3,"GOOD"
"2140",2140,37,"MALE","RENT",0,"BAD"
"2141",2141,36,"FEMALE","OWNED",0,"GOOD"
"2142",2142,34,"MALE","PARENTS",5,"BAD"
"2143",2143,36,"MALE","PARENTS",2,"BAD"
"2144",2144,33,"MALE","OWNED",1,"GOOD"
"2145",2145,37,"MALE","OWNED",4,"GOOD"
"2146",2146,36,"MALE","RENT",2,"BAD"
"2147",2147,27,"MALE","PARENTS",0,"GOOD"
"2148",2148,34,"FEMALE","RENT",5,"GOOD"
"2149",2149,33,"MALE","OWNED",3,"GOOD"
"2150",2150,23,"MALE","OWNED",0,"BAD"
"2151",2151,36,"MALE","OWNED",0,"GOOD"
"2152",2152,29,"FEMALE","OWNED",0,"GOOD"
"2153",2153,29,"FEMALE","OWNED",0,"GOOD"
"2154",2154,41,"MALE","OWNED",2,"GOOD"
"2155",2155,32,"MALE","RENT",4,"BAD"
"2156",2156,39,"MALE","PARENTS",0,"GOOD"
"2157",2157,36,"FEMALE","RENT",2,"BAD"
"2158",2158,27,"MALE","RENT",0,"BAD"
"2159",2159,40,"FEMALE","OTHERS",3,"GOOD"
"2160",2160,46,"FEMALE","OWNED",3,"GOOD"
"2161",2161,31,"MALE","OWNED",3,"GOOD"
"2162",2162,36,"FEMALE","RENT",3,"BAD"
"2163",2163,33,"FEMALE","OWNED",1,"GOOD"
"2164",2164,29,"MALE","OWNED",0,"GOOD"
"2165",2165,43,"MALE","RENT",1,"GOOD"
"2166",2166,25,"MALE","RENT",1,"GOOD"
"2167",2167,31,"MALE","OWNED",5,"BAD"
"2168",2168,30,"FEMALE","OWNED",5,"GOOD"
"2169",2169,37,"MALE","RENT",3,"GOOD"
"2170",2170,41,"MALE","OWNED",5,"GOOD"
"2171",2171,31,"FEMALE","OWNED",1,"GOOD"
"2172",2172,33,"MALE","OWNED",1,"GOOD"
"2173",2173,32,"MALE","OWNED",2,"GOOD"
"2174",2174,29,"MALE","OWNED",0,"GOOD"
"2175",2175,32,"FEMALE","OTHERS",0,"GOOD"
"2176",2176,33,"MALE","OWNED",5,"GOOD"
"2177",2177,29,"FEMALE","OWNED",0,"GOOD"
"2178",2178,24,"MALE","PARENTS",0,"GOOD"
"2179",2179,36,"MALE","OWNED",2,"GOOD"
"2180",2180,38,"MALE","OWNED",3,"GOOD"
"2181",2181,33,"FEMALE","OWNED",3,"GOOD"
"2182",2182,39,"FEMALE","OWNED",3,"GOOD"
"2183",2183,34,"MALE","RENT",4,"BAD"
"2184",2184,33,"FEMALE","RENT",4,"GOOD"
"2185",2185,32,"MALE","OWNED",0,"GOOD"
"2186",2186,29,"FEMALE","RENT",0,"GOOD"
"2187",2187,37,"MALE","RENT",2,"BAD"
"2188",2188,36,"FEMALE","PARENTS",0,"GOOD"
"2189",2189,38,"FEMALE","OWNED",3,"GOOD"
"2190",2190,28,"MALE","RENT",0,"BAD"
"2191",2191,41,"FEMALE","PARENTS",0,"GOOD"
"2192",2192,37,"MALE","OWNED",2,"GOOD"
"2193",2193,40,"MALE","OWNED",1,"GOOD"
"2194",2194,42,"MALE","RENT",2,"BAD"
"2195",2195,35,"MALE","RENT",3,"GOOD"
"2196",2196,50,"MALE","RENT",5,"BAD"
"2197",2197,23,"MALE","PARENTS",0,"GOOD"
"2198",2198,31,"MALE","RENT",0,"BAD"
"2199",2199,27,"FEMALE","RENT",1,"GOOD"
"2200",2200,47,"FEMALE","OWNED",1,"GOOD"
"2201",2201,26,"FEMALE","RENT",0,"GOOD"
"2202",2202,29,"MALE","OWNED",1,"GOOD"
"2203",2203,36,"MALE","OWNED",3,"GOOD"
"2204",2204,35,"MALE","PARENTS",3,"BAD"
"2205",2205,36,"MALE","RENT",2,"GOOD"
"2206",2206,38,"MALE","OWNED",3,"GOOD"
"2207",2207,29,"FEMALE","RENT",1,"BAD"
"2208",2208,36,"MALE","OWNED",0,"GOOD"
"2209",2209,36,"MALE","RENT",4,"GOOD"
"2210",2210,49,"FEMALE","OTHERS",4,"GOOD"
"2211",2211,36,"MALE","RENT",3,"BAD"
"2212",2212,34,"MALE","OWNED",3,"GOOD"
"2213",2213,42,"FEMALE","RENT",0,"GOOD"
"2214",2214,45,"MALE","RENT",4,"BAD"
"2215",2215,30,"MALE","OWNED",5,"GOOD"
"2216",2216,37,"FEMALE","OTHERS",3,"GOOD"
"2217",2217,41,"FEMALE","OWNED",4,"GOOD"
"2218",2218,41,"MALE","RENT",3,"BAD"
"2219",2219,37,"MALE","OWNED",2,"GOOD"
"2220",2220,37,"MALE","OTHERS",4,"BAD"
"2221",2221,39,"MALE","RENT",0,"GOOD"
"2222",2222,30,"MALE","RENT",1,"GOOD"
"2223",2223,32,"FEMALE","OTHERS",5,"GOOD"
"2224",2224,37,"FEMALE","OTHERS",3,"GOOD"
"2225",2225,38,"FEMALE","RENT",1,"GOOD"
"2226",2226,32,"MALE","OWNED",4,"BAD"
"2227",2227,37,"FEMALE","OWNED",1,"GOOD"
"2228",2228,38,"MALE","OTHERS",1,"GOOD"
"2229",2229,35,"FEMALE","OWNED",3,"GOOD"
"2230",2230,35,"MALE","OWNED",2,"GOOD"
"2231",2231,34,"FEMALE","OWNED",0,"GOOD"
"2232",2232,36,"FEMALE","RENT",3,"GOOD"
"2233",2233,41,"MALE","RENT",4,"BAD"
"2234",2234,39,"MALE","RENT",1,"BAD"
"2235",2235,36,"FEMALE","OWNED",4,"GOOD"
"2236",2236,27,"FEMALE","OWNED",0,"GOOD"
"2237",2237,36,"FEMALE","OWNED",1,"GOOD"
"2238",2238,38,"MALE","RENT",1,"GOOD"
"2239",2239,33,"MALE","OWNED",0,"GOOD"
"2240",2240,34,"FEMALE","RENT",0,"GOOD"
"2241",2241,33,"MALE","OWNED",5,"BAD"
"2242",2242,33,"MALE","OTHERS",2,"BAD"
"2243",2243,49,"FEMALE","OWNED",0,"GOOD"
"2244",2244,40,"FEMALE","OWNED",3,"GOOD"
"2245",2245,31,"MALE","RENT",3,"GOOD"
"2246",2246,29,"MALE","OWNED",0,"GOOD"
"2247",2247,30,"MALE","OTHERS",0,"GOOD"
"2248",2248,39,"MALE","RENT",4,"BAD"
"2249",2249,47,"FEMALE","OWNED",1,"GOOD"
"2250",2250,26,"FEMALE","RENT",0,"GOOD"
"2251",2251,38,"FEMALE","OTHERS",2,"BAD"
"2252",2252,41,"MALE","RENT",2,"GOOD"
"2253",2253,34,"FEMALE","RENT",0,"GOOD"
"2254",2254,33,"FEMALE","PARENTS",5,"GOOD"
"2255",2255,26,"MALE","RENT",0,"GOOD"
"2256",2256,36,"MALE","PARENTS",0,"GOOD"
"2257",2257,32,"MALE","OWNED",4,"GOOD"
"2258",2258,34,"FEMALE","OWNED",2,"GOOD"
"2259",2259,34,"FEMALE","OWNED",2,"GOOD"
"2260",2260,39,"FEMALE","RENT",2,"BAD"
"2261",2261,33,"FEMALE","OWNED",1,"GOOD"
"2262",2262,40,"MALE","RENT",4,"BAD"
"2263",2263,33,"MALE","OWNED",3,"BAD"
"2264",2264,43,"FEMALE","OWNED",0,"GOOD"
"2265",2265,31,"FEMALE","OWNED",4,"GOOD"
"2266",2266,34,"MALE","RENT",5,"BAD"
"2267",2267,29,"FEMALE","OWNED",0,"GOOD"
"2268",2268,34,"FEMALE","OWNED",4,"GOOD"
"2269",2269,33,"FEMALE","OWNED",5,"GOOD"
"2270",2270,40,"FEMALE","RENT",1,"GOOD"
"2271",2271,35,"MALE","RENT",5,"BAD"
"2272",2272,32,"MALE","RENT",2,"BAD"
"2273",2273,29,"MALE","PARENTS",1,"BAD"
"2274",2274,32,"FEMALE","OWNED",4,"GOOD"
"2275",2275,36,"FEMALE","RENT",0,"GOOD"
"2276",2276,45,"MALE","OWNED",5,"GOOD"
"2277",2277,43,"MALE","OTHERS",5,"BAD"
"2278",2278,39,"MALE","OWNED",4,"GOOD"
"2279",2279,32,"MALE","OWNED",2,"GOOD"
"2280",2280,25,"MALE","OWNED",0,"GOOD"
"2281",2281,35,"FEMALE","OWNED",2,"GOOD"
"2282",2282,42,"MALE","RENT",4,"BAD"
"2283",2283,26,"FEMALE","OWNED",1,"GOOD"
"2284",2284,30,"MALE","OWNED",3,"GOOD"
"2285",2285,41,"MALE","OWNED",5,"BAD"
"2286",2286,42,"FEMALE","OWNED",5,"GOOD"
"2287",2287,36,"MALE","OWNED",4,"GOOD"
"2288",2288,42,"FEMALE","PARENTS",1,"GOOD"
"2289",2289,49,"MALE","OWNED",4,"GOOD"
"2290",2290,32,"MALE","RENT",2,"BAD"
